[{"model": "auth.user", "fields": {"password": "pbkdf2_sha256$1000000$hEN9uL5bNfxwtIGsy2RHM7$HuF/Dxibf+Y1xkRA8Bufn0r2lQhAAIdM7gZmbbIEjJM=", "last_login": "2026-05-26T18:05:10.888Z", "is_superuser": true, "username": "GeorgeAkai", "first_name": "", "last_name": "", "email": "georgeakaing@gmail.com", "is_staff": true, "is_active": true, "date_joined": "2025-05-29T23:35:27.012Z", "groups": [], "user_permissions": []}}, {"model": "auth.user", "fields": {"password": "!WWyTPe0daeZLvr8SGDf7Te8AA9udaXrO6Pt1qgvY", "last_login": null, "is_superuser": false, "username": "Eden", "first_name": "", "last_name": "", "email": "ehazard@gmail.com", "is_staff": false, "is_active": true, "date_joined": "2025-05-29T23:46:13.279Z", "groups": [], "user_permissions": []}}, {"model": "auth.user", "fields": {"password": "!Xy7HDNpvHvUpTyO65KUfBgdTzmvVryJM6L0eKytt", "last_login": null, "is_superuser": false, "username": "ColePalmer", "first_name": "", "last_name": "", "email": "cpalmer@gmail.com", "is_staff": false, "is_active": true, "date_joined": "2025-05-30T08:04:49.539Z", "groups": [], "user_permissions": []}}, {"model": "auth.user", "fields": {"password": "!PGOV3RqEsukCWfVldsvdMk2NlKQRUqJodr62fBfs", "last_login": null, "is_superuser": false, "username": "DidierDrogba", "first_name": "", "last_name": "", "email": "didier@gmail.com", "is_staff": false, "is_active": true, "date_joined": "2025-05-30T08:06:12.614Z", "groups": [], "user_permissions": []}}, {"model": "auth.user", "fields": {"password": "pbkdf2_sha256$1000000$mvSx1qPWnTeaKh8MtSvlQH$PRoPaP+hDLCu02NgDLf/Q1tEl89JS6h2ZDNufBbqpDQ=", "last_login": "2025-05-30T08:13:34.568Z", "is_superuser": false, "username": "ReeceJames", "first_name": "", "last_name": "", "email": "rcjames@gmail.com", "is_staff": false, "is_active": true, "date_joined": "2025-05-30T08:09:45.198Z", "groups": [], "user_permissions": []}}, {"model": "auth.user", "fields": {"password": "pbkdf2_sha256$1000000$sKJFw1AMKIaLI5h30PMf1z$vxWQLAek+TI7vrgtifJut9Uo8hM0w66AO89vkM3dS7o=", "last_login": "2025-06-03T23:05:08.870Z", "is_superuser": false, "username": "FrankLampard", "first_name": "", "last_name": "", "email": "flampard@gmail.com", "is_staff": false, "is_active": true, "date_joined": "2025-06-03T04:31:00.610Z", "groups": [], "user_permissions": []}}, {"model": "auth.user", "fields": {"password": "pbkdf2_sha256$1000000$zmv6vADpxjKxVKZRV65yH7$YcGuYjRNAvSVx8YkRwPV3DGCAAGMPK14hoO34E3qP/Q=", "last_login": "2025-06-10T21:31:00.806Z", "is_superuser": false, "username": "MichaelEssien", "first_name": "", "last_name": "", "email": "messien@gmail.com", "is_staff": false, "is_active": true, "date_joined": "2025-06-09T23:19:47.293Z", "groups": [], "user_permissions": []}}, {"model": "auth.user", "fields": {"password": "pbkdf2_sha256$1000000$WkNYj0VWqsAHrX8G2Vq9Ti$OsFzx5RUWj3h70CFOvS2jUNoLFoQ7TytDMKILlaYAtk=", "last_login": "2025-06-10T22:20:03.484Z", "is_superuser": false, "username": "mannyma", "first_name": "", "last_name": "", "email": "manuel.morales4436@gmail.com", "is_staff": false, "is_active": true, "date_joined": "2025-06-10T22:06:56.665Z", "groups": [], "user_permissions": []}}, {"model": "auth.user", "fields": {"password": "pbkdf2_sha256$1000000$N3L29ZbrDMbtBP7p8CiyKr$HHQpoGBvqW5xLW897NeSKXZdOOs7Nf6D7yy2unBp2q4=", "last_login": null, "is_superuser": true, "username": "admin", "first_name": "", "last_name": "", "email": "admin@kenrish.com", "is_staff": false, "is_active": true, "date_joined": "2025-09-22T06:52:17.535Z", "groups": [], "user_permissions": []}}, {"model": "auth.user", "fields": {"password": "pbkdf2_sha256$600000$ZzzWSM9mKVnuJnaULlw3l6$CEOqxCvJSjgZgfBaxQxszEFmGc8k/XUe40aTWbTCqME=", "last_login": null, "is_superuser": false, "username": "ElizabethEkale", "first_name": "", "last_name": "", "email": "elizabethnguruka@gmail.com", "is_staff": false, "is_active": true, "date_joined": "2025-10-14T04:27:54.983Z", "groups": [], "user_permissions": []}}, {"model": "auth.user", "fields": {"password": "pbkdf2_sha256$600000$wHjmuicyW41scTvzm68SJz$LHtYSfIPHjZRTJUEcwjWkaBbTTuyozTLScr4fk11sqg=", "last_login": "2025-10-20T17:06:15.617Z", "is_superuser": false, "username": "ElizabethNguruka", "first_name": "", "last_name": "", "email": "elizabethnguruka@gmail.com", "is_staff": true, "is_active": true, "date_joined": "2025-10-14T04:32:05.739Z", "groups": [], "user_permissions": []}}, {"model": "auth.user", "fields": {"password": "pbkdf2_sha256$600000$QZiKqijVEBcmIkxocxwOnd$zdwy+laHSQumLD9Ip1qsImTi0OuFkMmHTehI/jZXqa0=", "last_login": "2025-10-14T07:09:20.185Z", "is_superuser": false, "username": "Caicedo", "first_name": "", "last_name": "", "email": "caicedo@gmail.com", "is_staff": false, "is_active": true, "date_joined": "2025-10-14T07:09:19.263Z", "groups": [], "user_permissions": []}}, {"model": "auth.user", "fields": {"password": "pbkdf2_sha256$600000$PRRCnMyHxrAS5my1OfOywr$O9UFWd1QWSASGY9CjTL5WHGjWGw5rs0q/Wyhuo2G9rg=", "last_login": "2025-10-14T07:19:12.151Z", "is_superuser": false, "username": "Hello", "first_name": "", "last_name": "", "email": "hello@gmail.com", "is_staff": false, "is_active": true, "date_joined": "2025-10-14T07:19:11.239Z", "groups": [], "user_permissions": []}}, {"model": "auth.user", "fields": {"password": "pbkdf2_sha256$600000$oAxRC6ELktm3ttHAzb1EQi$Cw7Orl85MJ30P3NcR1KXcxBkfUjQ1jAyRxukc/tBVZY=", "last_login": "2025-10-14T17:59:13.120Z", "is_superuser": false, "username": "Nathan", "first_name": "", "last_name": "", "email": "nathannguruka@gmail.com", "is_staff": true, "is_active": true, "date_joined": "2025-10-14T07:19:19.135Z", "groups": [], "user_permissions": []}}, {"model": "auth.user", "fields": {"password": "pbkdf2_sha256$1000000$Qdel4lZYyilAge8SUB7vDv$SGp3T40d+EHk9nXViDzbkYQEUeFF9KvSsdOm35hFhSA=", "last_login": null, "is_superuser": false, "username": "Drogba", "first_name": "", "last_name": "", "email": "drogba@gmail.com", "is_staff": false, "is_active": true, "date_joined": "2026-06-02T02:18:31.934Z", "groups": [], "user_permissions": []}}, {"model": "sessions.session", "pk": "12apyi1efjvzd3yyzwnvrke1ubxnr6xd", "fields": {"session_data": ".eJxVjLEOwjAMRP8lM6ripIoTRiRGxMQc2W6iVLSlauiE-HeK1AHGe_fuXirS-ixxrWmJfaeOCtThlzHJPU3fguYZmj3W5jxSP1yX2-ZMNKbLo0vDaXf_DgrVsq1Dtt4A58yttsAYAojW6AQ8SHbEqDk5IcgImg3qFsFTBsPWk_ei3h_GQTd3:1vCnsb:8uzj9cKC5BvV1Vs1o0n-S5C2BibZ1ViJayOZzgW-Azs", "expire_date": "2025-10-25T23:56:01.829Z"}}, {"model": "sessions.session", "pk": "24mojnbpypknltpnlfiejc87o3h3lxai", "fields": {"session_data": ".eJxVjDsOwjAQBe_iGll21p8sJT1nsNa7NgmgRIqTCnF3iJQC2jcz76USbeuQtlaWNIo6K6tOv1smfpRpB3Kn6TZrnqd1GbPeFX3Qpq-zlOflcP8OBmrDtzYYjc22E2Ybeq6IEarxrovADOCrSPSuB9-F6IWDcYjQIxNmFyKRen8Avk02-A:1ubp62:U7j0NjO3yLw89v8Neij0YsZn5cfVTOzZ7TZ4RVJcrNY", "expire_date": "2025-07-15T23:45:02.958Z"}}, {"model": "sessions.session", "pk": "2rlw2sop0r9me3d32mal53egv0w7gast", "fields": {"session_data": ".eJxVjLEOwjAMRP8lM6ripIoTRiRGxMQc2W6iVLSlauiE-HeK1AHGe_fuXirS-ixxrWmJfaeOCtThlzHJPU3fguYZmj3W5jxSP1yX2-ZMNKbLo0vDaXf_DgrVsq1Dtt4A58yttsAYAojW6AQ8SHbEqDk5IcgImg3qFsFTBsPWk_ei3h_GQTd3:1vG82L:Zqwi8E1ftbAaTDZLiEBuIEDbN3l13PcfUy2dbHQc3l4", "expire_date": "2025-11-04T04:03:49.367Z"}}, {"model": "sessions.session", "pk": "3l0w6nulg5npxwx955us5f4ybs313w36", "fields": {"session_data": ".eJxVjLkOwjAQRP_FNYqyPjElEiWiorZ2vbYckUsxqRD_TpBSQDlv3sxLBFyfJaw1LaFjcRKgxeEXEsZHGr8NzjM0e6zNZcCuvy33zRlxSNeJU3_e3b-DgrVsa-1sZNP6owObNSJIiaCBpQMm8C5xSy5T9EqaqLI22isCi4TgVDZZvD_gejex:1v8ZuD:KMBkNP7IDJxjefkFropILSV01Pcpco8fKAEtud5yBe8", "expire_date": "2025-10-14T08:12:13.558Z"}}, {"model": "sessions.session", "pk": "4yubuwiv7zplaxjwig8z40lvbx2k2ik5", "fields": {"session_data": ".eJxVjDsOwjAQBe_iGll21p8sJT1nsNa7NgmgRIqTCnF3iJQC2jcz76USbeuQtlaWNIo6K6tOv1smfpRpB3Kn6TZrnqd1GbPeFX3Qpq-zlOflcP8OBmrDtzYYjc22E2Ybeq6IEarxrovADOCrSPSuB9-F6IWDcYjQIxNmFyKRen8Avk02-A:1uNRzB:chLRF6ijbnCIZ7zU2tI9dVobb6uau7C-dM4_PAv9sug", "expire_date": "2025-06-20T07:59:33.518Z"}}, {"model": "sessions.session", "pk": "5125j7ko6y2imd3vzzntzy2k7n5b8344", "fields": {"session_data": ".eJxVjLsOwjAUQ_8lM6oSmicjEiNi6hzdJK5S0ZcaOlX8O0XqAKOPj70xT-sr-7Vg8V1iFybY6ZcFik-M34LmWVRHLNVtoK5_LM3ujDTgPiX018P9O8hU8r6GFVYZpSS0ixYmKEh35i1krDWcjiFBaBEoGEQDJ2s4Qmo1N5Yrbtn7A9Z5OBE:1v4Fje:tu1xj9qi0P8dEC6r1AwEEFZKD3h1OM8VqtKvdE8r934", "expire_date": "2025-10-02T09:51:26.850Z"}}, {"model": "sessions.session", "pk": "5rq0epzz8sft8a3x9l1b701yhgdehj5t", "fields": {"session_data": ".eJxVjLEOwjAMRP8lM6ripIoTRiRGxMQc2W6iVLSlauiE-HeK1AHGe_fuXirS-ixxrWmJfaeOCtThlzHJPU3fguYZmj3W5jxSP1yX2-ZMNKbLo0vDaXf_DgrVsq1Dtt4A58yttsAYAojW6AQ8SHbEqDk5IcgImg3qFsFTBsPWk_ei3h_GQTd3:1vCAVo:P5IE0f-X5ILAcQ5kBIjJ9PfspXmWX0tUX-j-lyylpqs", "expire_date": "2025-10-24T05:53:52.604Z"}}, {"model": "sessions.session", "pk": "6i4sex5k770k7avw1ht12odqt9yu9yax", "fields": {"session_data": ".eJxVjDsOwjAQBe_iGll21p8sJT1nsNa7NgmgRIqTCnF3iJQC2jcz76USbeuQtlaWNIo6K6tOv1smfpRpB3Kn6TZrnqd1GbPeFX3Qpq-zlOflcP8OBmrDtzYYjc22E2Ybeq6IEarxrovADOCrSPSuB9-F6IWDcYjQIxNmFyKRen8Avk02-A:1udNhC:rT5FBdLipE_Y3WcgZwOqDTiPd2rzJH2LskgbgQRII1c", "expire_date": "2025-07-20T06:53:50.584Z"}}, {"model": "sessions.session", "pk": "6xb0njq8t06z8nn8wkyd5cpsfu3oyb34", "fields": {"session_data": ".eJxVjLsOwjAUQ_8lM6oSmicjEiNi6hzdJK5S0ZcaOlX8O0XqAKOPj70xT-sr-7Vg8V1iFybY6ZcFik-M34LmWVRHLNVtoK5_LM3ujDTgPiX018P9O8hU8r6GFVYZpSS0ixYmKEh35i1krDWcjiFBaBEoGEQDJ2s4Qmo1N5Yrbtn7A9Z5OBE:1v8XL9:lDBuZAdxLakeok0SXBHlZxznvL8bqjBNqkOaHgmFByw", "expire_date": "2025-10-14T05:27:51.659Z"}}, {"model": "sessions.session", "pk": "79n5y884hcrclswklkxlls0rgg52xbts", "fields": {"session_data": ".eJxVjLsOwjAUQ_8lM6oSmicjEiNi6hzdJK5S0ZcaOlX8O0XqAKOPj70xT-sr-7Vg8V1iFybY6ZcFik-M34LmWVRHLNVtoK5_LM3ujDTgPiX018P9O8hU8r6GFVYZpSS0ixYmKEh35i1krDWcjiFBaBEoGEQDJ2s4Qmo1N5Yrbtn7A9Z5OBE:1v6Qcm:sVTIdhQwD7j1cuBNNcuPQVVnjoY_3pjBCyQOTCTnPLY", "expire_date": "2025-10-08T09:53:20.393Z"}}, {"model": "sessions.session", "pk": "7ff9r68j8q2pnwq49gj5zfg5wews14w3", "fields": {"session_data": ".eJxVjDsOwjAQBe_iGll21p8sJT1nsNa7NgmgRIqTCnF3iJQC2jcz76USbeuQtlaWNIo6K6tOv1smfpRpB3Kn6TZrnqd1GbPeFX3Qpq-zlOflcP8OBmrDtzYYjc22E2Ybeq6IEarxrovADOCrSPSuB9-F6IWDcYjQIxNmFyKRen8Avk02-A:1udNbP:0rGHEekvKqrZEibD4q3sMsjBTN7NvgmLQYwvUhEe8lQ", "expire_date": "2025-07-20T06:47:51.378Z"}}, {"model": "sessions.session", "pk": "7sff2e35ja3aoexjnev0tquekllr43o1", "fields": {"session_data": ".eJxVjDsOwjAQBe_iGll21p8sJT1nsNa7NgmgRIqTCnF3iJQC2jcz76USbeuQtlaWNIo6K6tOv1smfpRpB3Kn6TZrnqd1GbPeFX3Qpq-zlOflcP8OBmrDtzYYjc22E2Ybeq6IEarxrovADOCrSPSuB9-F6IWDcYjQIxNmFyKRen8Avk02-A:1udMte:qCDoy-YLKMiUrfpfRvTQVHmje8XaBFFN8EPnLfujE_M", "expire_date": "2025-07-20T06:02:38.332Z"}}, {"model": "sessions.session", "pk": "7zjaqwrjirfoe7no20orrvgh6jiw2m2e", "fields": {"session_data": ".eJxVjD0PAiEQRP8LtbmwwIFYmlgaK2uysEu4eF85vMr43z2TK7ScN2_mJQKuzxLWykvoSJwEgDj8wojpweO3wXmGZo-1uQzY9bflvjkjDnydiPvz7v4dFKxlW3uSNkOKMZLhllWLJLVyFtnK5CRIkzRHA-BUzlobHzMYr4_MhGDJivcHBfc4Ng:1v8l5R:c7Mpw-LYLOF1uvdpm8A-qqE3k589LqQjLTfm07kJjh4", "expire_date": "2025-10-14T20:08:33.513Z"}}, {"model": "sessions.session", "pk": "88kwjf6acy4msem8v27dn7ryqrse1h8b", "fields": {"session_data": ".eJxVjLEOwjAMRP8lM6ripIoTRiRGxMQc2W6iVLSlauiE-HeK1AHGe_fuXirS-ixxrWmJfaeOCtThlzHJPU3fguYZmj3W5jxSP1yX2-ZMNKbLo0vDaXf_DgrVsq1Dtt4A58yttsAYAojW6AQ8SHbEqDk5IcgImg3qFsFTBsPWk_ei3h_GQTd3:1vCnUD:SqyoZguoJ5bKFcmoyMAUbysaERkCHU3r7jEoHeKbn0Y", "expire_date": "2025-10-25T23:30:49.922Z"}}, {"model": "sessions.session", "pk": "96j5zpgl4xs3h5xhnx5qlau7c9i2xgak", "fields": {"session_data": ".eJxVjDsOwjAQBe_iGll21p8sJT1nsNa7NgmgRIqTCnF3iJQC2jcz76USbeuQtlaWNIo6K6tOv1smfpRpB3Kn6TZrnqd1GbPeFX3Qpq-zlOflcP8OBmrDtzYYjc22E2Ybeq6IEarxrovADOCrSPSuB9-F6IWDcYjQIxNmFyKRen8Avk02-A:1uOP2z:gnOqdypt7DJLX4phEPlCEgBwDAJaWwJN4SXnk9Q9bGQ", "expire_date": "2025-06-22T23:03:25.925Z"}}, {"model": "sessions.session", "pk": "a8n17exbr2yi74kf2do5q3ypnqnx4zn8", "fields": {"session_data": ".eJxVjLsOwjAUQ_8lM6oSmicjEiNi6hzdJK5S0ZcaOlX8O0XqAKOPj70xT-sr-7Vg8V1iFybY6ZcFik-M34LmWVRHLNVtoK5_LM3ujDTgPiX018P9O8hU8r6GFVYZpSS0ixYmKEh35i1krDWcjiFBaBEoGEQDJ2s4Qmo1N5Yrbtn7A9Z5OBE:1v6M8H:NZJyC3ltKl5A4TK5Ef3Hg6s5MnVykBjcTgnwA_VSQd0", "expire_date": "2025-10-08T05:05:33.096Z"}}, {"model": "sessions.session", "pk": "acp6mb99jsaud801mx69o5m5e0duhwzo", "fields": {"session_data": ".eJxVjLsOwjAUQ_8lM6oSmicjEiNi6hzdJK5S0ZcaOlX8O0XqAKOPj70xT-sr-7Vg8V1iFybY6ZcFik-M34LmWVRHLNVtoK5_LM3ujDTgPiX018P9O8hU8r6GFVYZpSS0ixYmKEh35i1krDWcjiFBaBEoGEQDJ2s4Qmo1N5Yrbtn7A9Z5OBE:1v8ZLw:ZgS1LOVzwsTD46oLG2waZ6Vce6FvmSqqs68zImEFNII", "expire_date": "2025-10-14T07:36:48.191Z"}}, {"model": "sessions.session", "pk": "aefo986x0q12o02koois3kiur5k2k7pu", "fields": {"session_data": ".eJxVjLsOwjAUQ_8lM6oSmicjEiNi6hzdJK5S0ZcaOlX8O0XqAKOPj70xT-sr-7Vg8V1iFybY6ZcFik-M34LmWVRHLNVtoK5_LM3ujDTgPiX018P9O8hU8r6GFVYZpSS0ixYmKEh35i1krDWcjiFBaBEoGEQDJ2s4Qmo1N5Yrbtn7A9Z5OBE:1v0n2q:Y6Fb6KQCoRG9ackGdQDFM9caIxUtJem3dZgbq4t5QJo", "expire_date": "2025-09-22T20:36:56.299Z"}}, {"model": "sessions.session", "pk": "amjutic5txqys6lpb4c1uwpq9iz11zmx", "fields": {"session_data": ".eJxVjLsOwjAUQ_8lM6oSmicjEiNi6hzdJK5S0ZcaOlX8O0XqAKOPj70xT-sr-7Vg8V1iFybY6ZcFik-M34LmWVRHLNVtoK5_LM3ujDTgPiX018P9O8hU8r6GFVYZpSS0ixYmKEh35i1krDWcjiFBaBEoGEQDJ2s4Qmo1N5Yrbtn7A9Z5OBE:1v6N59:-qRLLv6NlSYvKJ398xIpXnVAfDZSKbJjwY5QCt38KJ8", "expire_date": "2025-10-08T06:06:23.675Z"}}, {"model": "sessions.session", "pk": "awrzbompefosn5rs9es9h4joh8wd2iln", "fields": {"session_data": ".eJxVjD0PAiEQRP8LtbmwwIFYmlgaK2uysEu4eF85vMr43z2TK7ScN2_mJQKuzxLWykvoSJwEgDj8wojpweO3wXmGZo-1uQzY9bflvjkjDnydiPvz7v4dFKxlW3uSNkOKMZLhllWLJLVyFtnK5CRIkzRHA-BUzlobHzMYr4_MhGDJivcHBfc4Ng:1vAtKp:JJXJ2lKxwEAy3Vss9Y72CeSQphrbvcFpu19gXvy16Bo", "expire_date": "2025-10-20T17:21:15.782Z"}}, {"model": "sessions.session", "pk": "b4hhs1us7osy36ybhbbgaurpk99udvzp", "fields": {"session_data": ".eJxVjDsOwjAQBe_iGll21p8sJT1nsNa7NgmgRIqTCnF3iJQC2jcz76USbeuQtlaWNIo6K6tOv1smfpRpB3Kn6TZrnqd1GbPeFX3Qpq-zlOflcP8OBmrDtzYYjc22E2Ybeq6IEarxrovADOCrSPSuB9-F6IWDcYjQIxNmFyKRen8Avk02-A:1uU6XJ:QGRS97xXNpmQq6zdDWMo9sRR9vH-Z1ADd8zl6TbXSsY", "expire_date": "2025-06-24T16:45:17.055Z"}}, {"model": "sessions.session", "pk": "blthedtr9q48bqbibx8cl22z688kd2bs", "fields": {"session_data": ".eJxVjDsOwjAQBe_iGll21p8sJT1nsNa7NgmgRIqTCnF3iJQC2jcz76USbeuQtlaWNIo6K6tOv1smfpRpB3Kn6TZrnqd1GbPeFX3Qpq-zlOflcP8OBmrDtzYYjc22E2Ybeq6IEarxrovADOCrSPSuB9-F6IWDcYjQIxNmFyKRen8Avk02-A:1uZaeI:hJZFMAtxgVaHaGKrrItTRWulQLBO-AzEAP_xAOyp8WU", "expire_date": "2025-07-09T19:55:10.591Z"}}, {"model": "sessions.session", "pk": "bynokicrkq3wo2j293tgn8alo4lkt0o5", "fields": {"session_data": ".eJxVjLEOwjAMRP8lM6ripIoTRiRGxMQc2W6iVLSlauiE-HeK1AHGe_fuXirS-ixxrWmJfaeOCtThlzHJPU3fguYZmj3W5jxSP1yX2-ZMNKbLo0vDaXf_DgrVsq1Dtt4A58yttsAYAojW6AQ8SHbEqDk5IcgImg3qFsFTBsPWk_ei3h_GQTd3:1vG9oF:JfPCp9SlhU2IJ2XA5Fd76sVyo6G2h91MaxMXo8lKdDA", "expire_date": "2025-11-04T05:57:23.155Z"}}, {"model": "sessions.session", "pk": "c7t5pjtmfb0lw8bkg4k4tclzenjvionh", "fields": {"session_data": ".eJxVjD0PAiEQRP8LtbmwwIFYmlgaK2uysEu4eF85vMr43z2TK7ScN2_mJQKuzxLWykvoSJwEgDj8wojpweO3wXmGZo-1uQzY9bflvjkjDnydiPvz7v4dFKxlW3uSNkOKMZLhllWLJLVyFtnK5CRIkzRHA-BUzlobHzMYr4_MhGDJivcHBfc4Ng:1vABKq:tzKV91keI5OrLr_SczfxT-cqVw7nLyyfT6TFhvVFez4", "expire_date": "2025-10-18T18:22:20.001Z"}}, {"model": "sessions.session", "pk": "dunkmhtwt3j7z09gcuhite83ay3ionsr", "fields": {"session_data": ".eJxVjLsOwjAUQ_8lM6oSmicjEiNi6hzdJK5S0ZcaOlX8O0XqAKOPj70xT-sr-7Vg8V1iFybY6ZcFik-M34LmWVRHLNVtoK5_LM3ujDTgPiX018P9O8hU8r6GFVYZpSS0ixYmKEh35i1krDWcjiFBaBEoGEQDJ2s4Qmo1N5Yrbtn7A9Z5OBE:1v4G1m:9ZPcAJhaD7zG9GGYHfydUPF2K5pMG_WmK-o2ifVLMjU", "expire_date": "2025-10-02T10:10:10.340Z"}}, {"model": "sessions.session", "pk": "ebjd4fz3bp4aa26r1kvodotjyaykij3j", "fields": {"session_data": ".eJxVjLsOwjAUQ_8lM6oSmicjEiNi6hzdJK5S0ZcaOlX8O0XqAKOPj70xT-sr-7Vg8V1iFybY6ZcFik-M34LmWVRHLNVtoK5_LM3ujDTgPiX018P9O8hU8r6GFVYZpSS0ixYmKEh35i1krDWcjiFBaBEoGEQDJ2s4Qmo1N5Yrbtn7A9Z5OBE:1v0msy:aIIRfAP7sCqnt-lj60goeGoSCB697hqNKxLuuSwguO8", "expire_date": "2025-09-22T20:26:44.902Z"}}, {"model": "sessions.session", "pk": "g8njnzi91uneayu3jh1v1isad5hzpp93", "fields": {"session_data": ".eJxVjLsOwjAUQ_8lM6oSmicjEiNi6hzdJK5S0ZcaOlX8O0XqAKOPj70xT-sr-7Vg8V1iFybY6ZcFik-M34LmWVRHLNVtoK5_LM3ujDTgPiX018P9O8hU8r6GFVYZpSS0ixYmKEh35i1krDWcjiFBaBEoGEQDJ2s4Qmo1N5Yrbtn7A9Z5OBE:1vAyBe:lxEnVc813MODvurtPDGA98l6zF0fXsu3lCVNN2c1SnI", "expire_date": "2025-10-20T22:32:06.351Z"}}, {"model": "sessions.session", "pk": "ity926z5v8cx8cctz7j2hpsmzt4tugxl", "fields": {"session_data": ".eJxVjLsOwjAUQ_8lM6oSmicjEiNi6hzdJK5S0ZcaOlX8O0XqAKOPj70xT-sr-7Vg8V1iFybY6ZcFik-M34LmWVRHLNVtoK5_LM3ujDTgPiX018P9O8hU8r6GFVYZpSS0ixYmKEh35i1krDWcjiFBaBEoGEQDJ2s4Qmo1N5Yrbtn7A9Z5OBE:1v8Y68:LUdK1BWYelwXwV2ohGylQUdEibw8-zAv7q_6bUA8Juk", "expire_date": "2025-10-14T06:16:24.956Z"}}, {"model": "sessions.session", "pk": "j9jk7d52prdis4w1cfnrv6z9huok5iqr", "fields": {"session_data": ".eJxVjDsOwjAQBe_iGll21p8sJT1nsNa7NgmgRIqTCnF3iJQC2jcz76USbeuQtlaWNIo6K6tOv1smfpRpB3Kn6TZrnqd1GbPeFX3Qpq-zlOflcP8OBmrDtzYYjc22E2Ybeq6IEarxrovADOCrSPSuB9-F6IWDcYjQIxNmFyKRen8Avk02-A:1udNEf:eU47JYVqu1Gt0Db1fKJUY6LY0eQoI76n8XGBRBgKyLM", "expire_date": "2025-07-20T06:24:21.543Z"}}, {"model": "sessions.session", "pk": "jetcrauspv7r9ezxptrzzgb4le55h5qs", "fields": {"session_data": ".eJxVjLsOwjAUQ_8lM6oSmicjEiNi6hzdJK5S0ZcaOlX8O0XqAKOPj70xT-sr-7Vg8V1iFybY6ZcFik-M34LmWVRHLNVtoK5_LM3ujDTgPiX018P9O8hU8r6GFVYZpSS0ixYmKEh35i1krDWcjiFBaBEoGEQDJ2s4Qmo1N5Yrbtn7A9Z5OBE:1v4GTl:A3eHcehqOwtKrLoj2Hs7YDYJlaibzvDxaRZ4mQzS9sM", "expire_date": "2025-10-02T10:39:05.783Z"}}, {"model": "sessions.session", "pk": "jglqhg0swz41ai7uodgsllb57czw7gr3", "fields": {"session_data": ".eJxVjLsOwjAQBP_FNYp8dpwESiRKREUdre07OSIvxaRC_DtESgHlzs7uS7VYn6ldMy9tF9VJkVGHX-gRHjxuDeaZij3m4jKg62_L_euMGPg6Re7Pu_t3kJDTtm4aR1Z8w6gEOtQCZ3xZmiBca1QMV9VRS4QvwUE7TeR8sKRJLNmjen8AGrU4hw:1v8ZAm:gCyODw22Q7prmRn1rQVS9QqWewLVKoLqRYOZidXdQ9c", "expire_date": "2025-10-14T07:25:16.387Z"}}, {"model": "sessions.session", "pk": "kjj2ga6d460mpwbndlj93gpkkga8c310", "fields": {"session_data": ".eJxVjDsOwjAQBe_iGll21p8sJT1nsNa7NgmgRIqTCnF3iJQC2jcz76USbeuQtlaWNIo6K6tOv1smfpRpB3Kn6TZrnqd1GbPeFX3Qpq-zlOflcP8OBmrDtzYYjc22E2Ybeq6IEarxrovADOCrSPSuB9-F6IWDcYjQIxNmFyKRen8Avk02-A:1ubSdv:djw8bUKNtKHw2HXoOsBfevneCeYLOW4H-0ZNMM1AaxA", "expire_date": "2025-07-14T23:46:31.795Z"}}, {"model": "sessions.session", "pk": "kw3u91k1voplhtggacqykmqn8yb9dbed", "fields": {"session_data": ".eJxVjDsOwjAQBe_iGll21p8sJT1nsNa7NgmgRIqTCnF3iJQC2jcz76USbeuQtlaWNIo6K6tOv1smfpRpB3Kn6TZrnqd1GbPeFX3Qpq-zlOflcP8OBmrDtzYYjc22E2Ybeq6IEarxrovADOCrSPSuB9-F6IWDcYjQIxNmFyKRen8Avk02-A:1uVfEX:jmbeIqwTvEfSaJBLrlmY8SbBh8ihLL2vMNhQhI1xXJI", "expire_date": "2025-06-29T00:00:21.743Z"}}, {"model": "sessions.session", "pk": "l2qha2smvfa73cnpphp0m7h3sj6crxbu", "fields": {"session_data": ".eJxVjLEOwjAMRP8lM6ripIoTRiRGxMQc2W6iVLSlauiE-HeK1AHGe_fuXirS-ixxrWmJfaeOCtThlzHJPU3fguYZmj3W5jxSP1yX2-ZMNKbLo0vDaXf_DgrVsq1Dtt4A58yttsAYAojW6AQ8SHbEqDk5IcgImg3qFsFTBsPWk_ei3h_GQTd3:1vG974:2EpR6Vfa-W5aUtAusF44lYK4wgWy376RZqCv2OnvcLM", "expire_date": "2025-11-04T05:12:46.737Z"}}, {"model": "sessions.session", "pk": "l2xqaqotxt9v502vxi53cdpj89ynnuqx", "fields": {"session_data": ".eJxVjLEOwjAMRP8lM6ripIoTRiRGxMQc2W6iVLSlauiE-HeK1AHGe_fuXirS-ixxrWmJfaeOCtThlzHJPU3fguYZmj3W5jxSP1yX2-ZMNKbLo0vDaXf_DgrVsq1Dtt4A58yttsAYAojW6AQ8SHbEqDk5IcgImg3qFsFTBsPWk_ei3h_GQTd3:1vCBPu:Ot2P_E6HH4cL83EWpWxfTQci9fBoP_Jh90yOsGfIT5Q", "expire_date": "2025-10-24T06:51:50.242Z"}}, {"model": "sessions.session", "pk": "mt4isyd141jnsahluhsf84xxww9tyg73", "fields": {"session_data": "e30:1uMaYZ:ciwpIQWAxGPbd7gptHeuD9SQqNMv30XJ40zh3dHJkI0", "expire_date": "2025-06-17T22:56:31.377Z"}}, {"model": "sessions.session", "pk": "nc2ka0k2t3f8vqqsoerhp7tduzg3m00p", "fields": {"session_data": ".eJxVjLsOwjAUQ_8lM6oSmicjEiNi6hzdJK5S0ZcaOlX8O0XqAKOPj70xT-sr-7Vg8V1iFybY6ZcFik-M34LmWVRHLNVtoK5_LM3ujDTgPiX018P9O8hU8r6GFVYZpSS0ixYmKEh35i1krDWcjiFBaBEoGEQDJ2s4Qmo1N5Yrbtn7A9Z5OBE:1v6Pcd:15n4Vi2oFiS5Sdg9TB5vib-2EIoYlK9kBMcuTV-pcbM", "expire_date": "2025-10-08T08:49:07.795Z"}}, {"model": "sessions.session", "pk": "np86bbz9tmtu3zk3ul490ux1vjzqlv0k", "fields": {"session_data": ".eJxVjDsOwjAQBe_iGll21p8sJT1nsNa7NgmgRIqTCnF3iJQC2jcz76USbeuQtlaWNIo6K6tOv1smfpRpB3Kn6TZrnqd1GbPeFX3Qpq-zlOflcP8OBmrDtzYYjc22E2Ybeq6IEarxrovADOCrSPSuB9-F6IWDcYjQIxNmFyKRen8Avk02-A:1uMJ4y:amYJaKfU7ib-Pb7luKS9IkmBCdDx02Metjda6BnLdC8", "expire_date": "2025-06-17T04:16:48.191Z"}}, {"model": "sessions.session", "pk": "ntenu5uyxsyowp30v4q8b72ijgwsl19u", "fields": {"session_data": ".eJxVjDsOwjAQBe_iGll21p8sJT1nsNa7NgmgRIqTCnF3iJQC2jcz76USbeuQtlaWNIo6K6tOv1smfpRpB3Kn6TZrnqd1GbPeFX3Qpq-zlOflcP8OBmrDtzYYjc22E2Ybeq6IEarxrovADOCrSPSuB9-F6IWDcYjQIxNmFyKRen8Avk02-A:1ubkuQ:VE0BudbnTKC9j0K3pU5Rqan3zitf-iQm1LMEob-GrUs", "expire_date": "2025-07-15T19:16:46.038Z"}}, {"model": "sessions.session", "pk": "o5wa9mazyukz4qb6qx87ml5sq5gpskev", "fields": {"session_data": ".eJxVjLEOwjAMRP8lM6ripIoTRiRGxMQc2W6iVLSlauiE-HeK1AHGe_fuXirS-ixxrWmJfaeOCtThlzHJPU3fguYZmj3W5jxSP1yX2-ZMNKbLo0vDaXf_DgrVsq1Dtt4A58yttsAYAojW6AQ8SHbEqDk5IcgImg3qFsFTBsPWk_ei3h_GQTd3:1vD8VX:NJT5AlLMQA3RYM-Rb6UKmL3xHBRlhrr075ZCiLa8JNE", "expire_date": "2025-10-26T21:57:35.953Z"}}, {"model": "sessions.session", "pk": "oek763ge4c6qp1vlzkiu60dc29x59wsq", "fields": {"session_data": ".eJxVjLEOwjAMRP8lM6ripIoTRiRGxMQc2W6iVLSlauiE-HeK1AHGe_fuXirS-ixxrWmJfaeOCtThlzHJPU3fguYZmj3W5jxSP1yX2-ZMNKbLo0vDaXf_DgrVsq1Dtt4A58yttsAYAojW6AQ8SHbEqDk5IcgImg3qFsFTBsPWk_ei3h_GQTd3:1wRwKf:52gNr5EMLrL-p932fFxvMZ7EuBc0pT937U618ZyfURk", "expire_date": "2026-05-26T18:31:49.994Z"}}, {"model": "sessions.session", "pk": "olbzdvu99r3ishl0mdykgb1y7rgpm0s4", "fields": {"session_data": ".eJxVjLEOwjAMRP8lM6ripIoTRiRGxMQc2W6iVLSlauiE-HeK1AHGe_fuXirS-ixxrWmJfaeOCtThlzHJPU3fguYZmj3W5jxSP1yX2-ZMNKbLo0vDaXf_DgrVsq1Dtt4A58yttsAYAojW6AQ8SHbEqDk5IcgImg3qFsFTBsPWk_ei3h_GQTd3:1vDty5:ERrjfa11Geym1a6Tr3boa14maJnr0ARdCS0hv1M0wGA", "expire_date": "2025-10-29T00:38:13.488Z"}}, {"model": "sessions.session", "pk": "pjv798mka6v72wh6u3pzlpdz10m3smhs", "fields": {"session_data": ".eJxVjLkOwjAQRP_FNYqyPjElEiWiorZ2vbYckUsxqRD_TpBSQDlv3sxLBFyfJaw1LaFjcRKgxeEXEsZHGr8NzjM0e6zNZcCuvy33zRlxSNeJU3_e3b-DgrVsa-1sZNP6owObNSJIiaCBpQMm8C5xSy5T9EqaqLI22isCi4TgVDZZvD_gejex:1v8jIn:EwnKP_8CrRVXntK_U2jc0QRw7CVG9ruafaa1qI--N9g", "expire_date": "2025-10-14T18:14:13.491Z"}}, {"model": "sessions.session", "pk": "psa4c5hdcwe1pcrr52k1ssx98zqg9oyd", "fields": {"session_data": ".eJxVjLsOwjAUQ_8lM6oSmicjEiNi6hzdJK5S0ZcaOlX8O0XqAKOPj70xT-sr-7Vg8V1iFybY6ZcFik-M34LmWVRHLNVtoK5_LM3ujDTgPiX018P9O8hU8r6GFVYZpSS0ixYmKEh35i1krDWcjiFBaBEoGEQDJ2s4Qmo1N5Yrbtn7A9Z5OBE:1v8Wrc:inYn_J_UNhgEmIxVVm-lcRnifz1AhuPmg90Iu-4JM34", "expire_date": "2025-10-14T04:57:20.245Z"}}, {"model": "sessions.session", "pk": "qvy95hfqhhqfm4gv4fzszuzds1hzuf5w", "fields": {"session_data": ".eJxVjDsOwjAQBe_iGll21p8sJT1nsNa7NgmgRIqTCnF3iJQC2jcz76USbeuQtlaWNIo6K6tOv1smfpRpB3Kn6TZrnqd1GbPeFX3Qpq-zlOflcP8OBmrDtzYYjc22E2Ybeq6IEarxrovADOCrSPSuB9-F6IWDcYjQIxNmFyKRen8Avk02-A:1ublav:RJZLx9aGJCpYxWXZRcFCllHithaJI6yMTp-XV9UJxQk", "expire_date": "2025-07-15T20:00:41.426Z"}}, {"model": "sessions.session", "pk": "qyczxxnc569vyac4jew5arb4vjw82274", "fields": {"session_data": ".eJxVjLsOwjAUQ_8lM6oSmicjEiNi6hzdJK5S0ZcaOlX8O0XqAKOPj70xT-sr-7Vg8V1iFybY6ZcFik-M34LmWVRHLNVtoK5_LM3ujDTgPiX018P9O8hU8r6GFVYZpSS0ixYmKEh35i1krDWcjiFBaBEoGEQDJ2s4Qmo1N5Yrbtn7A9Z5OBE:1v43w4:adptFqdDvmAi2IJS_Vs74aT0D-VERUpOWn9QPc0yP4w", "expire_date": "2025-10-01T21:15:28.907Z"}}, {"model": "sessions.session", "pk": "r4ork4sztn8bwk5abtt5n1493rbdj52o", "fields": {"session_data": ".eJxVjLEOwjAMRP8lM6ripIoTRiRGxMQc2W6iVLSlauiE-HeK1AHGe_fuXirS-ixxrWmJfaeOCtThlzHJPU3fguYZmj3W5jxSP1yX2-ZMNKbLo0vDaXf_DgrVsq1Dtt4A58yttsAYAojW6AQ8SHbEqDk5IcgImg3qFsFTBsPWk_ei3h_GQTd3:1vHB4s:0TuFvcFqkp2HgabSSCrW7HNZcWkhJe1bQmRxNNFNY-Y", "expire_date": "2025-11-07T01:30:46.094Z"}}, {"model": "sessions.session", "pk": "rjlt8ofcm7za1vbpshco1vsu3bfvp8pe", "fields": {"session_data": ".eJxVjLEOwjAMRP8lM6ripIoTRiRGxMQc2W6iVLSlauiE-HeK1AHGe_fuXirS-ixxrWmJfaeOCtThlzHJPU3fguYZmj3W5jxSP1yX2-ZMNKbLo0vDaXf_DgrVsq1Dtt4A58yttsAYAojW6AQ8SHbEqDk5IcgImg3qFsFTBsPWk_ei3h_GQTd3:1vClew:ZWzr1AMRjrk04Y-HwhoMKcT673kTQYxcpqEEMeXq6dA", "expire_date": "2025-10-25T21:33:46.111Z"}}, {"model": "sessions.session", "pk": "rwjfbuxjq0yku253c7o3r8nv2m27m9v8", "fields": {"session_data": ".eJxVjLsOwjAUQ_8lM6oSmicjEiNi6hzdJK5S0ZcaOlX8O0XqAKOPj70xT-sr-7Vg8V1iFybY6ZcFik-M34LmWVRHLNVtoK5_LM3ujDTgPiX018P9O8hU8r6GFVYZpSS0ixYmKEh35i1krDWcjiFBaBEoGEQDJ2s4Qmo1N5Yrbtn7A9Z5OBE:1vAGEy:LbgmqOBDSNhz5KgvtzXO1idUF0wMDcms_FxArJ9DaOk", "expire_date": "2025-10-18T23:36:36.886Z"}}, {"model": "sessions.session", "pk": "spdcx7enu59jpme0847oq5vzs5ohxdnz", "fields": {"session_data": ".eJxVjLEOwjAMRP8lM6ripIoTRiRGxMQc2W6iVLSlauiE-HeK1AHGe_fuXirS-ixxrWmJfaeOCtThlzHJPU3fguYZmj3W5jxSP1yX2-ZMNKbLo0vDaXf_DgrVsq1Dtt4A58yttsAYAojW6AQ8SHbEqDk5IcgImg3qFsFTBsPWk_ei3h_GQTd3:1vCkb8:w0sGt9HJf-3ywbZ2xobiRrb_fmv4w0UxCy_A8_ClghY", "expire_date": "2025-10-25T20:25:46.114Z"}}, {"model": "sessions.session", "pk": "sqjz5v208irfuymzc8e7gygl1o9k6eeu", "fields": {"session_data": ".eJxVjD0PAiEQRP8LtbkAC8hZmlgaK2uyLEu4eF85vMr43z2TK7ScN2_mJQKuzxLWykvokjgJBeLwCyPSg8dvg_Osmj3W5jJg19-W--aMOPB1Styfd_fvoGAt25oIW6u9NsZazy5LAu-cQ8tkrJEQCUz0MUuVgRKAc1FppcFY3eJRsnh_AN_tNyA:1v8ZKC:BP9XimZr4_ulEf1Y6quNcQRkjKCFBHkaD_cCJVbcqk8", "expire_date": "2025-10-14T07:35:00.874Z"}}, {"model": "sessions.session", "pk": "t4sdwm6uthrp0g414tzeu2h4ahsz2pzw", "fields": {"session_data": ".eJxVjDsOwjAQBe_iGln-ygklPWew1rtrHEC2FCdVxN1JpBTQvpl5m4iwLiWunec4kbiKQVx-twT44noAekJ9NImtLvOU5KHIk3Z5b8Tv2-n-HRToZa_DqJ01qMFkzQpSoNErTj4j6czJqezIZR94SB53hAGDDUYxo7bIWXy--Is4wA:1uP7K7:Aaw-96YORuY-qfzE0uFK9T0umVzdCuAh1_C-ogYm-u8", "expire_date": "2025-06-24T22:20:03.496Z"}}, {"model": "sessions.session", "pk": "tf4mirwrt264p8g6fatypgcj8rr6an6m", "fields": {"session_data": ".eJxVjLsOwjAQBP_FNYr8to8SiRJRUVvnsy1HJCGKSYX4d4KUAsqdnd0XC7g-a1hbXkKf2JEJdvhlEemep2-B8yy6PbbuPGI_XJfb5kw45ssj5eG0u38HFVvd1hwcF1HIRCSspwLgVOFGS6eIlDIlJWe0V0ZaZxJZrgGUB0KI2jpE9v4ArKo24Q:1v0d8f:sMgQOkrmcHKDPupAylV2ife2YYDFBRKXIkWF-_B5ijM", "expire_date": "2025-09-22T10:02:17.997Z"}}, {"model": "sessions.session", "pk": "tkpe25u703ilmg6a1u1u611d1t2g4wiu", "fields": {"session_data": ".eJxVjLsOwjAUQ_8lM6oSmicjEiNi6hzdJK5S0ZcaOlX8O0XqAKOPj70xT-sr-7Vg8V1iFybY6ZcFik-M34LmWVRHLNVtoK5_LM3ujDTgPiX018P9O8hU8r6GFVYZpSS0ixYmKEh35i1krDWcjiFBaBEoGEQDJ2s4Qmo1N5Yrbtn7A9Z5OBE:1v8Zg4:2cTQBT_p90JaqkInmVTIUpyVpMVOMcz3k5WwnmZ8Yb8", "expire_date": "2025-10-14T07:57:36.581Z"}}, {"model": "sessions.session", "pk": "uxxy603g52v1jqmp8ksbxb9rkoqavndy", "fields": {"session_data": ".eJxVjDsOwjAQBe_iGll21p8sJT1nsNa7NgmgRIqTCnF3iJQC2jcz76USbeuQtlaWNIo6K6tOv1smfpRpB3Kn6TZrnqd1GbPeFX3Qpq-zlOflcP8OBmrDtzYYjc22E2Ybeq6IEarxrovADOCrSPSuB9-F6IWDcYjQIxNmFyKRen8Avk02-A:1uZa1G:ETkfUSRPegVVLP7KTgf6wkazIWKeY2DFc3x_XVD9UIM", "expire_date": "2025-07-09T19:14:50.180Z"}}, {"model": "sessions.session", "pk": "v4sttcpghakjkj89wgfv5g6x4t9jod5x", "fields": {"session_data": "e30:1v8Wdf:e3wIN7N-cO9456SU_FnjJH9ulhrNflukitnZ5bWJ03k", "expire_date": "2025-10-14T04:42:55.465Z"}}, {"model": "sessions.session", "pk": "v86joaz9a2g0izgswv2ntvlu57ko6g1p", "fields": {"session_data": ".eJxVjLsOwjAUQ_8lM6oSmicjEiNi6hzdJK5S0ZcaOlX8O0XqAKOPj70xT-sr-7Vg8V1iFybY6ZcFik-M34LmWVRHLNVtoK5_LM3ujDTgPiX018P9O8hU8r6GFVYZpSS0ixYmKEh35i1krDWcjiFBaBEoGEQDJ2s4Qmo1N5Yrbtn7A9Z5OBE:1v0n2B:8kmj8t2pFimAJg1bbqo-4b_T8JrFSqfzkbz1seVsazg", "expire_date": "2025-09-22T20:36:15.227Z"}}, {"model": "sessions.session", "pk": "vb4fqbbeqjnjqq2o7xoe7tx3g88kd2r0", "fields": {"session_data": ".eJxVjLsOwjAUQ_8lM6oSmicjEiNi6hzdJK5S0ZcaOlX8O0XqAKOPj70xT-sr-7Vg8V1iFybY6ZcFik-M34LmWVRHLNVtoK5_LM3ujDTgPiX018P9O8hU8r6GFVYZpSS0ixYmKEh35i1krDWcjiFBaBEoGEQDJ2s4Qmo1N5Yrbtn7A9Z5OBE:1v70t1:GdS6PCPSsNhM-NMXul8j0vdBV9RrxLPAC8LS8qR-Lw4", "expire_date": "2025-10-10T00:36:31.793Z"}}, {"model": "sessions.session", "pk": "w7wzj1ea8za8i9ba1u2jnt4vgxsh2oge", "fields": {"session_data": ".eJxVjD0PAiEQRP8LtbmwwIFYmlgaK2uysEu4eF85vMr43z2TK7ScN2_mJQKuzxLWykvoSJwEgDj8wojpweO3wXmGZo-1uQzY9bflvjkjDnydiPvz7v4dFKxlW3uSNkOKMZLhllWLJLVyFtnK5CRIkzRHA-BUzlobHzMYr4_MhGDJivcHBfc4Ng:1v95hK:9JE_HoC-tUK_hXVVuwQOuaXTykfU-F-h2tyjoZIzf80", "expire_date": "2025-10-15T18:09:02.561Z"}}, {"model": "sessions.session", "pk": "wmsvf18mqhehugpf93uil0kb5bxud588", "fields": {"session_data": ".eJxVjLsOwjAQBP_FNYr8to8SiRJRUVvnsy1HJCGKSYX4d4KUAsqdnd0XC7g-a1hbXkKf2JEJdvhlEemep2-B8yy6PbbuPGI_XJfb5kw45ssj5eG0u38HFVvd1hwcF1HIRCSspwLgVOFGS6eIlDIlJWe0V0ZaZxJZrgGUB0KI2jpE9v4ArKo24Q:1v0ldO:IGCpHfofS9nmlbh-NX7fISwFpLEiMCR68IwJFLtcsiA", "expire_date": "2025-09-22T19:06:34.158Z"}}, {"model": "sessions.session", "pk": "wvcv36oacnp6unx5mhqm0372qp28x6t4", "fields": {"session_data": "e30:1uMYoV:Qo3Zl6OkDDoNIcWZts7YycaJfoiNecCtTNzghiRqkB0", "expire_date": "2025-06-17T21:04:51.431Z"}}, {"model": "sessions.session", "pk": "x34f2qvjtcmyzyq772ec2867xdgwe9a5", "fields": {"session_data": ".eJxVjDsOwjAQBe_iGll21p8sJT1nsNa7NgmgRIqTCnF3iJQC2jcz76USbeuQtlaWNIo6K6tOv1smfpRpB3Kn6TZrnqd1GbPeFX3Qpq-zlOflcP8OBmrDtzYYjc22E2Ybeq6IEarxrovADOCrSPSuB9-F6IWDcYjQIxNmFyKRen8Avk02-A:1ubmn3:6gU4WhdBqRpzoF_gZF-9jrNBQratiuNKA8c0M4QTliU", "expire_date": "2025-07-15T21:17:17.804Z"}}, {"model": "sessions.session", "pk": "x3o442l1mnnhxybcrmzom8caahvv3ig4", "fields": {"session_data": ".eJxVjDsOwjAQBe_iGll21p8sJT1nsNa7NgmgRIqTCnF3iJQC2jcz76USbeuQtlaWNIo6K6tOv1smfpRpB3Kn6TZrnqd1GbPeFX3Qpq-zlOflcP8OBmrDtzYYjc22E2Ybeq6IEarxrovADOCrSPSuB9-F6IWDcYjQIxNmFyKRen8Avk02-A:1udyEA:NCjDsDVtu5VJenZmQ_Br98-HR8JEt4K__Ec3m_4r-p4", "expire_date": "2025-07-21T21:54:18.087Z"}}, {"model": "sessions.session", "pk": "xrydt7ez0wifk2vr43k770ido7i1oxhs", "fields": {"session_data": ".eJxVjLsOwjAUQ_8lM6oSmicjEiNi6hzdJK5S0ZcaOlX8O0XqAKOPj70xT-sr-7Vg8V1iFybY6ZcFik-M34LmWVRHLNVtoK5_LM3ujDTgPiX018P9O8hU8r6GFVYZpSS0ixYmKEh35i1krDWcjiFBaBEoGEQDJ2s4Qmo1N5Yrbtn7A9Z5OBE:1v6P1J:RSmOalw7K251rjUujD_4a561MsuJDWAZrx1lTp0AbZI", "expire_date": "2025-10-08T08:10:33.304Z"}}, {"model": "sessions.session", "pk": "z4y5cistbx5msbgpu3j9evbxvrrbdb61", "fields": {"session_data": ".eJxVjLsOwjAUQ_8lM6oSmicjEiNi6hzdJK5S0ZcaOlX8O0XqAKOPj70xT-sr-7Vg8V1iFybY6ZcFik-M34LmWVRHLNVtoK5_LM3ujDTgPiX018P9O8hU8r6GFVYZpSS0ixYmKEh35i1krDWcjiFBaBEoGEQDJ2s4Qmo1N5Yrbtn7A9Z5OBE:1vAyUG:-xr0n79twVwuTz0PyR0SbIotf5jQbd6iVfjQGg4LNhI", "expire_date": "2025-10-20T22:51:20.497Z"}}, {"model": "sessions.session", "pk": "zrnr2q46yslqen61ie9iqxvow03jpfrh", "fields": {"session_data": ".eJxVjDsOwjAQBe_iGll21p8sJT1nsNa7NgmgRIqTCnF3iJQC2jcz76USbeuQtlaWNIo6K6tOv1smfpRpB3Kn6TZrnqd1GbPeFX3Qpq-zlOflcP8OBmrDtzYYjc22E2Ybeq6IEarxrovADOCrSPSuB9-F6IWDcYjQIxNmFyKRen8Avk02-A:1udzwZ:mgW1cQQdRZyeG9lqqr7z0D5diirDdbp0qYqsH5C4Kl0", "expire_date": "2025-07-21T23:44:15.219Z"}}, {"model": "app1.product", "pk": 7, "fields": {"name": "Lip Balm", "description": "Lip balm is a moisturizing treatment designed to soothe and protect dry, chapped lips. It forms a nourishing barrier to lock in hydration and keep lips soft and smooth.", "price": "100.00", "image": "product_images/lip_balm.jpg", "average_rating": 1.5, "stock_quantity": 0, "cost_price": "300.00", "reorder_level": 5, "created_at": "2025-09-22T08:44:48.576Z", "updated_at": "2026-05-26T18:16:33.906Z"}}, {"model": "app1.product", "pk": 8, "fields": {"name": "Duo Mink Hair Eyebrows", "description": "Duo Mink Hair Fake Eyebrows are realistic, reusable brow enhancements made from soft mink hair to mimic natural eyebrow texture. They offer a quick and easy way to achieve fuller, well-defined brows without permanent makeup.", "price": "250.00", "image": "product_images/eyelashes.jpg", "average_rating": 0.0, "stock_quantity": 0, "cost_price": "0.00", "reorder_level": 5, "created_at": "2025-09-22T08:44:48.576Z", "updated_at": "2025-10-21T00:34:35.758Z"}}, {"model": "app1.product", "pk": 9, "fields": {"name": "Perfume Refill", "description": "Perfume refills are eco-friendly, cost-effective alternatives that allow you to replenish your favorite fragrance without buying a new bottle. They help reduce waste while ensuring you always have your signature scent on hand.", "price": "50.00", "image": "product_images/Perfume_Refill.jpg", "average_rating": 0.0, "stock_quantity": 0, "cost_price": "0.00", "reorder_level": 5, "created_at": "2025-09-22T08:44:48.576Z", "updated_at": "2025-10-21T00:34:42.438Z"}}, {"model": "app1.product", "pk": 10, "fields": {"name": "Stickons", "description": "Nail stickons are pre-designed adhesive nail coverings that offer a quick and easy way to achieve salon-style manicures at home. They come in various colors, patterns, and finishes, sticking directly to the nails without the need for polish or drying time.", "price": "800.00", "image": "product_images/Stickons.jpg", "average_rating": 0.0, "stock_quantity": 0, "cost_price": "0.00", "reorder_level": 5, "created_at": "2025-09-22T08:44:48.576Z", "updated_at": "2025-10-21T00:35:04.296Z"}}, {"model": "app1.product", "pk": 11, "fields": {"name": "Asante Soaps", "description": "Asante Soaps are handcrafted, natural soaps made with nourishing ingredients like shea butter, essential oils, and herbal extracts. They gently cleanse the skin while promoting hydration, leaving it soft, refreshed, and delicately scented.", "price": "350.00", "image": "product_images/Asante_Soaps.jpg", "average_rating": 0.0, "stock_quantity": 0, "cost_price": "0.00", "reorder_level": 5, "created_at": "2025-09-22T08:44:48.576Z", "updated_at": "2025-10-21T00:35:33.427Z"}}, {"model": "app1.product", "pk": 12, "fields": {"name": "Brass Rings", "description": "Brass rings are durable and stylish accessories made from a copper-zinc alloy, known for their warm golden hue and vintage appeal. They are often used in jewelry, crafts, or hardware, offering both aesthetic charm and long-lasting strength.", "price": "500.00", "image": "product_images/Brass_Ring.jpg", "average_rating": 5.0, "stock_quantity": 0, "cost_price": "0.00", "reorder_level": 5, "created_at": "2025-09-22T08:44:48.576Z", "updated_at": "2025-10-21T00:36:19.174Z"}}, {"model": "app1.product", "pk": 13, "fields": {"name": "Laundry Basket", "description": "Reed Laundry Basket is a stylish and functional storage solution made from natural reed materials, offering durability and a rustic charm. Ideal for organizing laundry, it combines breathable design with aesthetic appeal, perfect for home decor and practical use.", "price": "3500.00", "image": "product_images/Laundry_Basket.jpg", "average_rating": 0.0, "stock_quantity": 0, "cost_price": "0.00", "reorder_level": 5, "created_at": "2025-09-22T08:44:48.576Z", "updated_at": "2025-10-21T00:37:13.005Z"}}, {"model": "app1.product", "pk": 14, "fields": {"name": "Vaseline Body Oil", "description": "Vaseline Body Oil is a lightweight, fast-absorbing moisturizer that deeply nourishes and hydrates the skin. Infused with healing ingredients like pure Vaseline jelly or cocoa butter, it leaves the skin soft, smooth, and glowing without a greasy feel.", "price": "1200.00", "image": "product_images/Vaseline_Body_Oil.jpg", "average_rating": 0.0, "stock_quantity": 0, "cost_price": "0.00", "reorder_level": 5, "created_at": "2025-09-22T08:44:48.576Z", "updated_at": "2025-10-21T00:37:43.471Z"}}, {"model": "app1.product", "pk": 15, "fields": {"name": "Body Mist", "description": "Body mist is a light, refreshing fragrance spray designed for all-over body use, offering a subtle scent that lingers without being overpowering. It often contains moisturizing ingredients to hydrate the skin while providing a gentle burst of aroma.", "price": "500.00", "image": "product_images/Body_Mist.jpg", "average_rating": 0.0, "stock_quantity": 0, "cost_price": "0.00", "reorder_level": 5, "created_at": "2025-09-22T08:44:48.576Z", "updated_at": "2025-10-21T00:37:46.781Z"}}, {"model": "app1.product", "pk": 16, "fields": {"name": "Moroccan Oil", "description": "Moroccan oil is a nutrient-rich hair treatment infused with argan oil, known for its ability to deeply hydrate, smooth, and add shine to all hair types. It helps reduce frizz, improve manageability, and protect against heat and environmental damage.", "price": "600.00", "image": "product_images/Moroccan_Oil.jpg", "average_rating": 5.0, "stock_quantity": 0, "cost_price": "0.00", "reorder_level": 5, "created_at": "2025-09-22T08:44:48.576Z", "updated_at": "2025-10-21T00:37:50.269Z"}}, {"model": "app1.product", "pk": 17, "fields": {"name": "Luodais Professional Salon", "description": "Luodais Professional Salon is a premium haircare brand known for salon-quality styling products and treatments. It offers solutions like hair serums, sprays, and oils designed to nourish, protect, and enhance hair's natural shine and manageability.", "price": "600.00", "image": "product_images/dopestuff.jpg", "average_rating": 0.0, "stock_quantity": 0, "cost_price": "0.00", "reorder_level": 5, "created_at": "2025-09-22T08:44:48.576Z", "updated_at": "2025-10-21T00:37:52.930Z"}}, {"model": "app1.product", "pk": 18, "fields": {"name": "Dr Rashel Face Cream", "description": "Dr Rashel Face Cream is a nourishing skincare product designed to hydrate, brighten, and even out the skin tone. Infused with natural ingredients like vitamins and plant extracts, it helps reduce signs of aging, fade dark spots, and improve overall skin texture for a radiant glow.", "price": "500.00", "image": "product_images/IMG-20221101-WA0006_ULDwf5h.jpg", "average_rating": 0.0, "stock_quantity": 0, "cost_price": "0.00", "reorder_level": 5, "created_at": "2025-09-22T08:44:48.576Z", "updated_at": "2025-10-21T00:37:55.284Z"}}, {"model": "app1.product", "pk": 20, "fields": {"name": "Skin Products", "description": "We have affordable skin products like collagen and Mary Kay to replenish your natural skin beauty.", "price": "200.00", "image": "product_images/morebeauty.jpg", "average_rating": 0.0, "stock_quantity": 0, "cost_price": "0.00", "reorder_level": 5, "created_at": "2025-09-22T08:44:48.576Z", "updated_at": "2025-10-21T00:38:00.511Z"}}, {"model": "app1.product", "pk": 21, "fields": {"name": "Hair Combs", "description": "New combs designed to give your hair a beautiful look in no time", "price": "100.00", "image": "product_images/combs.jpg", "average_rating": 0.0, "stock_quantity": 0, "cost_price": "0.00", "reorder_level": 5, "created_at": "2025-09-22T08:44:48.576Z", "updated_at": "2025-10-21T00:38:04.181Z"}}, {"model": "app1.product", "pk": 22, "fields": {"name": "Medicated Fade Cream with Sunscreen", "description": "This fade creme is best for you to keep your skin even-toned for a smooth complexion.", "price": "350.00", "image": "product_images/IMG-20221101-WA0009_44fXxV0.jpg", "average_rating": 0.0, "stock_quantity": 0, "cost_price": "0.00", "reorder_level": 5, "created_at": "2025-09-22T08:44:48.576Z", "updated_at": "2025-10-21T00:38:07.695Z"}}, {"model": "app1.clothes", "pk": 1, "fields": {"name": "Pink Dress", "description": "Dress for the occasion", "price": "2000.00", "image": "clothes_images/dress.jpg", "created_at": "2025-11-04T04:48:38.589Z", "updated_at": "2025-11-04T05:33:01.808Z", "stock_quantity": 1, "cost_price": "0.00", "reorder_level": 5, "average_rating": 3.0}}, {"model": "app1.clothesrating", "pk": 1, "fields": {"clothes": 1, "user": ["GeorgeAkai"], "rating": 3, "created_at": "2025-11-04T05:33:01.777Z"}}, {"model": "app1.rating", "pk": 4, "fields": {"product": 16, "user": ["GeorgeAkai"], "value": 0, "created_at": "2025-06-08T23:30:21.328Z"}}, {"model": "app1.rating", "pk": 5, "fields": {"product": 7, "user": ["mannyma"], "value": 0, "created_at": "2025-06-10T22:10:40.013Z"}}, {"model": "app1.rating", "pk": 7, "fields": {"product": 12, "user": ["GeorgeAkai"], "value": 5, "created_at": "2025-06-17T16:03:46.021Z"}}, {"model": "app1.rating", "pk": 9, "fields": {"product": 7, "user": ["GeorgeAkai"], "value": 3, "created_at": "2025-07-20T06:30:54.437Z"}}, {"model": "app1.userprofile", "pk": 1, "fields": {"user": ["GeorgeAkai"], "login_count": 71, "added_by": null}}, {"model": "app1.userprofile", "pk": 2, "fields": {"user": ["Eden"], "login_count": 0, "added_by": null}}, {"model": "app1.userprofile", "pk": 3, "fields": {"user": ["ColePalmer"], "login_count": 0, "added_by": null}}, {"model": "app1.userprofile", "pk": 4, "fields": {"user": ["DidierDrogba"], "login_count": 0, "added_by": null}}, {"model": "app1.userprofile", "pk": 5, "fields": {"user": ["ReeceJames"], "login_count": 0, "added_by": null}}, {"model": "app1.userprofile", "pk": 6, "fields": {"user": ["FrankLampard"], "login_count": 1, "added_by": null}}, {"model": "app1.userprofile", "pk": 7, "fields": {"user": ["MichaelEssien"], "login_count": 2, "added_by": null}}, {"model": "app1.userprofile", "pk": 8, "fields": {"user": ["mannyma"], "login_count": 2, "added_by": null}}, {"model": "app1.userprofile", "pk": 9, "fields": {"user": ["admin"], "login_count": 0, "added_by": null}}, {"model": "app1.userprofile", "pk": 10, "fields": {"user": ["ElizabethEkale"], "login_count": 0, "added_by": null}}, {"model": "app1.userprofile", "pk": 11, "fields": {"user": ["ElizabethNguruka"], "login_count": 6, "added_by": ["GeorgeAkai"]}}, {"model": "app1.userprofile", "pk": 12, "fields": {"user": ["Caicedo"], "login_count": 1, "added_by": null}}, {"model": "app1.userprofile", "pk": 13, "fields": {"user": ["Hello"], "login_count": 1, "added_by": null}}, {"model": "app1.userprofile", "pk": 14, "fields": {"user": ["Nathan"], "login_count": 3, "added_by": ["GeorgeAkai"]}}, {"model": "app1.userprofile", "pk": 15, "fields": {"user": ["Drogba"], "login_count": 0, "added_by": null}}, {"model": "app1.wishlist", "pk": 2, "fields": {"user": ["GeorgeAkai"], "products": [13, 17, 18, 21], "handbags": [], "clothes": [1]}}, {"model": "app1.wishlist", "pk": 3, "fields": {"user": ["ReeceJames"], "products": [], "handbags": [], "clothes": []}}, {"model": "app1.wishlist", "pk": 4, "fields": {"user": ["DidierDrogba"], "products": [], "handbags": [], "clothes": []}}, {"model": "app1.wishlist", "pk": 5, "fields": {"user": ["MichaelEssien"], "products": [], "handbags": [], "clothes": []}}, {"model": "app1.wishlist", "pk": 6, "fields": {"user": ["mannyma"], "products": [], "handbags": [], "clothes": []}}, {"model": "app1.wishlist", "pk": 7, "fields": {"user": ["FrankLampard"], "products": [], "handbags": [], "clothes": []}}, {"model": "app1.wishlist", "pk": 8, "fields": {"user": ["Caicedo"], "products": [], "handbags": [], "clothes": []}}, {"model": "app1.wishlist", "pk": 9, "fields": {"user": ["ElizabethNguruka"], "products": [], "handbags": [], "clothes": []}}, {"model": "app1.wishlist", "pk": 10, "fields": {"user": ["Drogba"], "products": [16, 18], "handbags": [7], "clothes": []}}, {"model": "app1.handbag", "pk": 1, "fields": {"name": "Red Handbag", "description": "This handbag features a bold red design, making a striking statement with its vibrant color. Its sleek and durable construction ensures both style and practicality, perfect for adding a pop of elegance to any outfit.", "price": "500.00", "image": "handbag_images/Red_Handbag.jpg", "created_at": "2025-06-06T06:08:29.941Z", "average_rating": 4.0, "stock_quantity": 0, "cost_price": "0.00", "reorder_level": 5, "updated_at": "2025-10-21T00:38:15.678Z"}}, {"model": "app1.handbag", "pk": 2, "fields": {"name": "Leopard Spots & Leather", "description": "This handbag exudes bold elegance with its premium leather construction and striking leopard print accents. Perfect for adding a touch of wild sophistication to any outfit, it combines durability with a stylish edge, making it a versatile statement piece for any occasion.", "price": "500.00", "image": "handbag_images/bag1.jpg", "created_at": "2025-06-06T06:10:58.486Z", "average_rating": 4.0, "stock_quantity": 0, "cost_price": "0.00", "reorder_level": 5, "updated_at": "2025-10-21T00:38:26.713Z"}}, {"model": "app1.handbag", "pk": 3, "fields": {"name": "Leather Handbag", "description": "This handbag features a sleek, modern design with a classic black leather finish and subtle square patterns for a refined touch. Its structured shape and durable material make it a versatile accessory that effortlessly complements both casual and formal outfits.", "price": "600.00", "image": "handbag_images/bag2.jpg", "created_at": "2025-06-06T06:12:49.946Z", "average_rating": 2.0, "stock_quantity": 0, "cost_price": "0.00", "reorder_level": 5, "updated_at": "2025-10-21T00:38:37.586Z"}}, {"model": "app1.handbag", "pk": 4, "fields": {"name": "Brown leather and Cheetah Spots", "description": "This handbag showcases a bold yet sophisticated design, featuring rich brown leather paired with striking cheetah spots. Its textured finish adds a dynamic touch, making it a versatile statement piece that blends elegance with a wild edge.", "price": "500.00", "image": "handbag_images/bag3.jpg", "created_at": "2025-06-06T06:13:48.407Z", "average_rating": 0.0, "stock_quantity": 0, "cost_price": "0.00", "reorder_level": 5, "updated_at": "2025-10-21T00:38:54.948Z"}}, {"model": "app1.handbag", "pk": 5, "fields": {"name": "Kiondo", "description": "This kiondo bag features a beautiful blend of brown and tan tones, woven from durable sisal with a classic Kenyan design. Its structured shape and earthy colors make it a stylish and practical accessory for both casual and formal occasions.", "price": "400.00", "image": "handbag_images/IMG-20221101-WA0001.jpg", "created_at": "2025-06-06T06:15:02.978Z", "average_rating": 0.0, "stock_quantity": 0, "cost_price": "0.00", "reorder_level": 5, "updated_at": "2025-10-21T00:39:37.309Z"}}, {"model": "app1.handbag", "pk": 6, "fields": {"name": "Brown and Grey Leather Handbag", "description": "This handbag features a sophisticated blend of brown and grey leather, offering a timeless and versatile design. Its durable construction and neutral tones make it a stylish accessory for both casual and formal occasions.", "price": "650.00", "image": "handbag_images/IMG-20221101-WA0004.jpg", "created_at": "2025-06-06T06:15:58.736Z", "average_rating": 0.0, "stock_quantity": 0, "cost_price": "0.00", "reorder_level": 5, "updated_at": "2025-10-21T00:41:03.766Z"}}, {"model": "app1.handbag", "pk": 7, "fields": {"name": "Grey Handbag", "description": "This handbag features a sleek grey leather design, offering a modern and versatile look. Its durable construction and understated elegance make it a perfect accessory for both casual and formal occasions.", "price": "600.00", "image": "handbag_images/greybag.jpg", "created_at": "2025-06-06T06:16:36.169Z", "average_rating": 0.0, "stock_quantity": 0, "cost_price": "0.00", "reorder_level": 5, "updated_at": "2025-10-21T00:41:32.231Z"}}, {"model": "app1.handbagrating", "pk": 1, "fields": {"handbag": 2, "user": ["GeorgeAkai"], "rating": 4, "created_at": "2025-06-06T06:53:59.807Z"}}, {"model": "app1.handbagrating", "pk": 2, "fields": {"handbag": 1, "user": ["GeorgeAkai"], "rating": 4, "created_at": "2025-06-17T16:15:14.103Z"}}, {"model": "app1.handbagrating", "pk": 3, "fields": {"handbag": 3, "user": ["GeorgeAkai"], "rating": 2, "created_at": "2025-06-17T16:16:04.849Z"}}, {"model": "app1.service", "pk": 1, "fields": {"name": "Hairdressing", "short_description": "1", "full_description": "We offer high-quality hairdressing services tailored to meet the needs of our valued clients.", "price": "1000.00", "image": "service_images/hair5.jpg", "average_rating": 0.0}}, {"model": "app1.service", "pk": 2, "fields": {"name": "Hair Cuts", "short_description": "1", "full_description": "We provide popular haircut services. Our barber is highly skilled with many years of experience.", "price": "100.00", "image": "service_images/interior.jpg", "average_rating": 0.0}}, {"model": "app1.service", "pk": 3, "fields": {"name": "Stickons", "short_description": "1", "full_description": "We provide nails services to give you the best nails available in our inventory.", "price": "1000.00", "image": "service_images/nails.jpg", "average_rating": 0.0}}, {"model": "app1.galleryimage", "pk": 8, "fields": {"service": "nails", "file": "gallery/nails2.mp4", "description": "", "uploaded_at": "2025-06-22T23:21:46.372Z"}}, {"model": "app1.galleryimage", "pk": 9, "fields": {"service": "nails", "file": "gallery/nails3.mp4", "description": "", "uploaded_at": "2025-06-22T23:26:49.710Z"}}, {"model": "app1.galleryimage", "pk": 10, "fields": {"service": "nails", "file": "gallery/nails4.mp4", "description": "", "uploaded_at": "2025-06-22T23:27:20.595Z"}}, {"model": "app1.galleryimage", "pk": 12, "fields": {"service": "manicure", "file": "gallery/nails5.mp4", "description": "", "uploaded_at": "2025-06-22T23:27:54.400Z"}}, {"model": "app1.galleryimage", "pk": 13, "fields": {"service": "barber", "file": "gallery/kinyozi.mp4", "description": "", "uploaded_at": "2025-06-22T23:30:46.551Z"}}, {"model": "app1.galleryimage", "pk": 14, "fields": {"service": "barber", "file": "gallery/cut2.jpg", "description": "High quality cuts", "uploaded_at": "2025-07-20T05:17:21.660Z"}}, {"model": "app1.galleryimage", "pk": 15, "fields": {"service": "barber", "file": "gallery/cut4.jpg", "description": "Design Cuts", "uploaded_at": "2025-07-20T05:18:22.310Z"}}, {"model": "app1.galleryimage", "pk": 16, "fields": {"service": "barber", "file": "gallery/cut1.jpg", "description": "", "uploaded_at": "2025-07-20T05:18:43.791Z"}}, {"model": "app1.galleryimage", "pk": 17, "fields": {"service": "barber", "file": "gallery/cut3.jpg", "description": "Low Fade", "uploaded_at": "2025-07-20T05:19:09.072Z"}}, {"model": "app1.galleryimage", "pk": 18, "fields": {"service": "barber", "file": "gallery/cut6.jpg", "description": "High Fade", "uploaded_at": "2025-07-20T05:19:27.696Z"}}, {"model": "app1.galleryimage", "pk": 19, "fields": {"service": "hairdressing", "file": "gallery/hair3_hhLBJDP.jpg", "description": "Dyes", "uploaded_at": "2025-07-20T05:20:14.542Z"}}, {"model": "app1.galleryimage", "pk": 20, "fields": {"service": "hairdressing", "file": "gallery/hair2_2yMjZEA.jpg", "description": "Braids", "uploaded_at": "2025-07-20T05:20:56.667Z"}}, {"model": "app1.galleryimage", "pk": 21, "fields": {"service": "hairdressing", "file": "gallery/hair7_MHxZUkh.jpg", "description": "", "uploaded_at": "2025-07-20T05:21:22.569Z"}}, {"model": "app1.galleryimage", "pk": 22, "fields": {"service": "hairdressing", "file": "gallery/hair1_3xLqmDQ.jpg", "description": "", "uploaded_at": "2025-07-20T05:21:41.260Z"}}, {"model": "app1.galleryimage", "pk": 23, "fields": {"service": "hairdressing", "file": "gallery/hair5.jpg", "description": "", "uploaded_at": "2025-07-20T05:22:05.114Z"}}, {"model": "app1.galleryimage", "pk": 24, "fields": {"service": "hairdressing", "file": "gallery/hair6_gY1FEU0.jpg", "description": "", "uploaded_at": "2025-07-20T05:22:26.416Z"}}, {"model": "app1.galleryimage", "pk": 25, "fields": {"service": "barber", "file": "gallery/cut5.jpg", "description": "", "uploaded_at": "2025-07-20T05:22:58.445Z"}}, {"model": "app1.offer", "pk": 2, "fields": {"name": "Halloween Braids Discount", "image": "offers/Braid_Offer.jpg", "description": "Get a 25% discount on your Halloween braiding service at Kenrish Collection. See you Oct. 31 for the offer.", "offer_price": "500.00", "created_at": "2025-10-08T06:59:56.108Z"}}, {"model": "app1.gallerylike", "pk": 2, "fields": {"user": ["GeorgeAkai"], "gallery_image": 24, "created_at": "2025-09-22T09:46:10.445Z"}}, {"model": "app1.gallerylike", "pk": 3, "fields": {"user": ["GeorgeAkai"], "gallery_image": 23, "created_at": "2025-09-22T09:46:21.782Z"}}, {"model": "app1.gallerylike", "pk": 4, "fields": {"user": ["GeorgeAkai"], "gallery_image": 15, "created_at": "2025-09-22T09:46:27.569Z"}}, {"model": "app1.gallerylike", "pk": 5, "fields": {"user": ["GeorgeAkai"], "gallery_image": 16, "created_at": "2025-09-22T09:47:17.990Z"}}, {"model": "app1.gallerylike", "pk": 6, "fields": {"user": ["GeorgeAkai"], "gallery_image": 12, "created_at": "2025-10-02T08:03:04.488Z"}}, {"model": "app1.gallerylike", "pk": 7, "fields": {"user": ["GeorgeAkai"], "gallery_image": 22, "created_at": "2025-10-02T08:46:21.643Z"}}, {"model": "app1.gallerylike", "pk": 8, "fields": {"user": ["GeorgeAkai"], "gallery_image": 13, "created_at": "2025-10-02T08:46:29.678Z"}}, {"model": "app1.gallerylike", "pk": 9, "fields": {"user": ["GeorgeAkai"], "gallery_image": 9, "created_at": "2025-10-08T07:46:19.928Z"}}, {"model": "app1.gallerylike", "pk": 10, "fields": {"user": ["GeorgeAkai"], "gallery_image": 21, "created_at": "2025-10-08T09:09:12.458Z"}}, {"model": "app1.gallerylike", "pk": 11, "fields": {"user": ["GeorgeAkai"], "gallery_image": 20, "created_at": "2026-05-30T06:05:45.424Z"}}, {"model": "app1.expense", "pk": 1, "fields": {"description": "Stock purchase: Cocoa Butter Cream (Qty: 4)", "amount": "1000.00", "category": "Stock Purchase", "created_at": "2025-10-02T09:34:13.604Z", "created_by": ["GeorgeAkai"]}}, {"model": "app1.expense", "pk": 2, "fields": {"description": "Stock purchase: Laundry Basket (Qty: 10)", "amount": "15000.00", "category": "Stock Purchase", "created_at": "2025-10-18T18:02:27.019Z", "created_by": ["ElizabethNguruka"]}}, {"model": "app1.invoice", "pk": 2, "fields": {"invoice_number": "KRC-20260526-0001", "customer_name": "George", "customer_phone": "+254666656565", "created_by": ["GeorgeAkai"], "created_at": "2026-05-26T22:05:15.972Z", "grand_total": "524.00"}}, {"model": "app1.invoiceitem", "pk": 1, "fields": {"invoice": 2, "item_type": "clothes", "product": null, "handbag": null, "clothes": 1, "quantity": 1, "unit_price": "524.00", "subtotal": "524.00"}}, {"model": "app1.slotconfiguration", "pk": 1, "fields": {"service": 1, "worker_count": 2, "slot_duration_minutes": 120, "start_time": "08:00:00", "end_time": "20:00:00", "active_days": [0, 1, 2, 3, 4, 5], "is_active": true, "created_at": "2026-06-02T03:21:21.429Z", "updated_at": "2026-06-02T03:21:21.429Z"}}, {"model": "app1.slotconfiguration", "pk": 2, "fields": {"service": 2, "worker_count": 1, "slot_duration_minutes": 30, "start_time": "08:00:00", "end_time": "20:00:00", "active_days": [0, 1, 2, 3, 4, 5], "is_active": true, "created_at": "2026-06-02T03:21:37.146Z", "updated_at": "2026-06-02T03:21:37.146Z"}}, {"model": "app1.slotconfiguration", "pk": 3, "fields": {"service": 3, "worker_count": 1, "slot_duration_minutes": 30, "start_time": "08:00:00", "end_time": "20:00:00", "active_days": [0, 1, 2, 3, 4, 5], "is_active": true, "created_at": "2026-06-02T03:21:45.287Z", "updated_at": "2026-06-02T03:21:45.287Z"}}, {"model": "app1.reservation", "pk": 1, "fields": {"customer": ["GeorgeAkai"], "service": 2, "reservation_date": "2026-05-28", "reservation_time": "15:30:00", "notes": "box", "status": "APPROVED", "admin_notes": "", "created_at": "2026-05-28T06:10:26.847Z", "updated_at": "2026-05-28T06:13:33.431Z"}}, {"model": "app1.reservation", "pk": 2, "fields": {"customer": ["GeorgeAkai"], "service": 2, "reservation_date": "2026-05-28", "reservation_time": "15:00:00", "notes": "Jodoo", "status": "APPROVED", "admin_notes": "", "created_at": "2026-05-28T06:44:57.639Z", "updated_at": "2026-05-28T06:46:07.778Z"}}, {"model": "app1.reservation", "pk": 3, "fields": {"customer": ["GeorgeAkai"], "service": 1, "reservation_date": "2026-05-30", "reservation_time": "08:00:00", "notes": "", "status": "APPROVED", "admin_notes": "be on time", "created_at": "2026-05-30T06:02:50.049Z", "updated_at": "2026-05-30T06:04:29.779Z"}}, {"model": "app1.reservation", "pk": 4, "fields": {"customer": ["GeorgeAkai"], "service": 2, "reservation_date": "2026-06-03", "reservation_time": "08:30:00", "notes": "I want a high fade", "status": "APPROVED", "admin_notes": "", "created_at": "2026-06-02T03:23:35.669Z", "updated_at": "2026-06-02T03:24:45.434Z"}}, {"model": "app1.reservation", "pk": 5, "fields": {"customer": ["GeorgeAkai"], "service": 1, "reservation_date": "2026-06-04", "reservation_time": "12:00:00", "notes": "I want a mwongezo", "status": "APPROVED", "admin_notes": "", "created_at": "2026-06-02T03:24:22.431Z", "updated_at": "2026-06-02T03:24:50.745Z"}}, {"model": "chatbot.conversation", "pk": 1, "fields": {"user": ["GeorgeAkai"], "created_at": "2025-10-08T05:10:42.866Z", "title": ""}}, {"model": "chatbot.conversation", "pk": 2, "fields": {"user": ["GeorgeAkai"], "created_at": "2025-10-08T05:15:41.822Z", "title": ""}}, {"model": "chatbot.conversation", "pk": 3, "fields": {"user": ["GeorgeAkai"], "created_at": "2025-10-08T05:18:12.781Z", "title": ""}}, {"model": "chatbot.conversation", "pk": 4, "fields": {"user": ["GeorgeAkai"], "created_at": "2025-10-08T05:20:16.056Z", "title": ""}}, {"model": "chatbot.conversation", "pk": 5, "fields": {"user": ["GeorgeAkai"], "created_at": "2025-10-08T05:21:20.476Z", "title": ""}}, {"model": "chatbot.conversation", "pk": 6, "fields": {"user": ["GeorgeAkai"], "created_at": "2025-10-08T05:26:38.922Z", "title": ""}}, {"model": "chatbot.conversation", "pk": 7, "fields": {"user": ["GeorgeAkai"], "created_at": "2025-10-08T05:32:30.041Z", "title": ""}}, {"model": "chatbot.conversation", "pk": 8, "fields": {"user": ["GeorgeAkai"], "created_at": "2025-10-08T05:36:02.472Z", "title": ""}}, {"model": "chatbot.conversation", "pk": 9, "fields": {"user": ["GeorgeAkai"], "created_at": "2025-10-08T05:37:40.672Z", "title": ""}}, {"model": "chatbot.conversation", "pk": 10, "fields": {"user": ["GeorgeAkai"], "created_at": "2025-10-08T05:44:05.266Z", "title": ""}}, {"model": "chatbot.conversation", "pk": 11, "fields": {"user": ["GeorgeAkai"], "created_at": "2025-10-08T05:46:54.271Z", "title": ""}}, {"model": "chatbot.conversation", "pk": 12, "fields": {"user": ["GeorgeAkai"], "created_at": "2025-10-08T05:47:07.686Z", "title": ""}}, {"model": "chatbot.conversation", "pk": 13, "fields": {"user": ["GeorgeAkai"], "created_at": "2025-10-08T06:06:50.071Z", "title": ""}}, {"model": "chatbot.conversation", "pk": 14, "fields": {"user": null, "created_at": "2025-10-08T06:07:24.874Z", "title": ""}}, {"model": "chatbot.conversation", "pk": 15, "fields": {"user": ["GeorgeAkai"], "created_at": "2025-10-08T06:08:00.876Z", "title": ""}}, {"model": "chatbot.conversation", "pk": 16, "fields": {"user": ["GeorgeAkai"], "created_at": "2025-10-08T06:09:28.441Z", "title": ""}}, {"model": "chatbot.conversation", "pk": 17, "fields": {"user": ["GeorgeAkai"], "created_at": "2025-10-08T06:11:46.101Z", "title": ""}}, {"model": "chatbot.conversation", "pk": 18, "fields": {"user": ["GeorgeAkai"], "created_at": "2025-10-08T06:14:38.772Z", "title": ""}}, {"model": "chatbot.conversation", "pk": 19, "fields": {"user": ["GeorgeAkai"], "created_at": "2025-10-08T06:17:55.106Z", "title": ""}}, {"model": "chatbot.conversation", "pk": 20, "fields": {"user": ["GeorgeAkai"], "created_at": "2025-10-08T06:20:39.543Z", "title": ""}}, {"model": "chatbot.conversation", "pk": 21, "fields": {"user": ["GeorgeAkai"], "created_at": "2025-10-08T06:22:53.717Z", "title": ""}}, {"model": "chatbot.conversation", "pk": 22, "fields": {"user": ["GeorgeAkai"], "created_at": "2025-10-08T06:24:57.461Z", "title": ""}}, {"model": "chatbot.conversation", "pk": 23, "fields": {"user": ["GeorgeAkai"], "created_at": "2025-10-08T06:36:11.653Z", "title": ""}}, {"model": "chatbot.conversation", "pk": 24, "fields": {"user": ["GeorgeAkai"], "created_at": "2025-10-08T06:36:32.906Z", "title": ""}}, {"model": "chatbot.conversation", "pk": 25, "fields": {"user": ["GeorgeAkai"], "created_at": "2025-10-08T06:41:29.566Z", "title": ""}}, {"model": "chatbot.message", "pk": 1, "fields": {"conversation": 1, "role": "user", "content": "Where are you located?", "created_at": "2025-10-08T05:10:42.975Z", "token_count": 0}}, {"model": "chatbot.message", "pk": 2, "fields": {"conversation": 1, "role": "assistant", "content": "📍 **Kenrish Collection Location & Contact:**\n\n🏢 **Address:** Nakuru City, Kenya\n📞 **Phone:** 0708440390\n🕒 **Hours:** Contact us to book your appointment\n\nWe're conveniently located in Nakuru City, offering premium beauty services and products. Call us to schedule your visit!", "created_at": "2025-10-08T05:10:43.213Z", "token_count": 0}}, {"model": "chatbot.message", "pk": 3, "fields": {"conversation": 1, "role": "user", "content": "What time does Kenrish open?", "created_at": "2025-10-08T05:11:29.060Z", "token_count": 0}}, {"model": "chatbot.message", "pk": 4, "fields": {"conversation": 1, "role": "assistant", "content": "👋 **Welcome to Kenrish Collection!**\n\nWe're your premier beauty destination in Nakuru City, offering:\n\n✨ **Professional Services:**\n• Barbershop services\n• Hairdressing & styling\n• Beauty treatments\n• Nail services\n\n🛍️ **Quality Products:**\n• Beauty & cosmetic products\n• Hair care essentials\n• Stylish handbags & accessories\n\n📍 **Visit Us:** Nakuru City, Kenya\n📞 **Contact:** 0708440390\n\nHow can I help you today? Ask me about our products, services, or anything else!", "created_at": "2025-10-08T05:11:29.209Z", "token_count": 0}}, {"model": "chatbot.message", "pk": 5, "fields": {"conversation": 1, "role": "user", "content": "cocoa butter", "created_at": "2025-10-08T05:12:11.160Z", "token_count": 0}}, {"model": "chatbot.message", "pk": 6, "fields": {"conversation": 1, "role": "assistant", "content": "👋 **Welcome to Kenrish Collection!**\n\nWe're your premier beauty destination in Nakuru City, offering:\n\n✨ **Professional Services:**\n• Barbershop services\n• Hairdressing & styling\n• Beauty treatments\n• Nail services\n\n🛍️ **Quality Products:**\n• Beauty & cosmetic products\n• Hair care essentials\n• Stylish handbags & accessories\n\n📍 **Visit Us:** Nakuru City, Kenya\n📞 **Contact:** 0708440390\n\nHow can I help you today? Ask me about our products, services, or anything else!", "created_at": "2025-10-08T05:12:11.336Z", "token_count": 0}}, {"model": "chatbot.message", "pk": 7, "fields": {"conversation": 2, "role": "user", "content": "Where are you located?", "created_at": "2025-10-08T05:15:41.940Z", "token_count": 0}}, {"model": "chatbot.message", "pk": 8, "fields": {"conversation": 2, "role": "assistant", "content": "✨ **Black Mask Skin Care**\n\nBlack mask dry skin remover is a peel-off facial treatment designed to unclog pores, remove dead skin cells, and absorb excess oil. It leaves the skin feeling smoother, clearer, and more refreshed after each use.\n\n💰 **Price:** $200.00\n\n📞 Call us at 0708440390 to order or visit our store in Nakuru City!", "created_at": "2025-10-08T05:15:48.671Z", "token_count": 0}}, {"model": "chatbot.message", "pk": 9, "fields": {"conversation": 3, "role": "user", "content": "Where are you located?", "created_at": "2025-10-08T05:18:12.885Z", "token_count": 0}}, {"model": "chatbot.message", "pk": 10, "fields": {"conversation": 3, "role": "assistant", "content": "✨ **Black Mask Skin Care**\n\nBlack mask dry skin remover is a peel-off facial treatment designed to unclog pores, remove dead skin cells, and absorb excess oil. It leaves the skin feeling smoother, clearer, and more refreshed after each use.\n\n💰 **Price:** $200.00\n\n📞 Call us at 0708440390 to order or visit our store in Nakuru City!", "created_at": "2025-10-08T05:18:13.286Z", "token_count": 0}}, {"model": "chatbot.message", "pk": 11, "fields": {"conversation": 4, "role": "user", "content": "Where are you located?", "created_at": "2025-10-08T05:20:16.166Z", "token_count": 0}}, {"model": "chatbot.message", "pk": 12, "fields": {"conversation": 4, "role": "assistant", "content": "📍 **Kenrish Collection Location:**\n\n🏢 **Address:** Nakuru City, Kenya\n📞 **Phone:** 0708440390\n\n🕒 **Hours:** Contact us to book your appointment\n\nWe're conveniently located in Nakuru City, offering premium beauty services and products. Call us to schedule your visit!", "created_at": "2025-10-08T05:20:16.491Z", "token_count": 0}}, {"model": "chatbot.message", "pk": 13, "fields": {"conversation": 5, "role": "user", "content": "Do you have any current offers?", "created_at": "2025-10-08T05:21:20.595Z", "token_count": 0}}, {"model": "chatbot.message", "pk": 14, "fields": {"conversation": 5, "role": "assistant", "content": "👋 **Welcome to Kenrish Collection!**\n\nI'm here to help you with:\n\n✨ **Beauty Products & Services**\n👜 **Handbag Collections**\n📍 **Location & Contact Info**\n💰 **Pricing Information**\n\n📞 **Contact:** 0708440390\n📍 **Location:** Nakuru City, Kenya\n\nWhat would you like to know about?", "created_at": "2025-10-08T05:21:20.936Z", "token_count": 0}}, {"model": "chatbot.message", "pk": 15, "fields": {"conversation": 5, "role": "user", "content": "hello", "created_at": "2025-10-08T05:21:54.790Z", "token_count": 0}}, {"model": "chatbot.message", "pk": 16, "fields": {"conversation": 5, "role": "assistant", "content": "👋 **Welcome to Kenrish Collection!**\n\nI'm here to help you with:\n\n✨ **Beauty Products & Services**\n👜 **Handbag Collections**\n📍 **Location & Contact Info**\n💰 **Pricing Information**\n\n📞 **Contact:** 0708440390\n📍 **Location:** Nakuru City, Kenya\n\nWhat would you like to know about?", "created_at": "2025-10-08T05:21:55.123Z", "token_count": 0}}, {"model": "chatbot.message", "pk": 17, "fields": {"conversation": 6, "role": "user", "content": "hello", "created_at": "2025-10-08T05:26:39.040Z", "token_count": 0}}, {"model": "chatbot.message", "pk": 18, "fields": {"conversation": 6, "role": "assistant", "content": "👋 **Hello! Welcome to Kenrish Collection!**\n\nI'm your personal beauty assistant. I'm here to help you discover our amazing products and services.\n\n✨ **What can I help you with today?**\n• Beauty products and skincare\n• Professional salon services  \n• Stylish handbags\n• Store location and hours\n• Pricing information\n\nFeel free to ask me anything! 😊", "created_at": "2025-10-08T05:26:40.863Z", "token_count": 0}}, {"model": "chatbot.message", "pk": 19, "fields": {"conversation": 6, "role": "user", "content": "Where are you located?", "created_at": "2025-10-08T05:26:57.700Z", "token_count": 0}}, {"model": "chatbot.message", "pk": 20, "fields": {"conversation": 6, "role": "assistant", "content": "📍 **Kenrish Collection Location**\n\n🏢 **Address:** Nakuru City, Kenya\n📞 **Phone:** 0708440390\n🕒 **Hours:** 8:00 AM - 8:00 PM (Daily)\n\nWe're conveniently located in the heart of Nakuru City, making it easy for you to visit us for all your beauty needs!\n\n🚗 **Easy to find** - Just call us if you need directions!", "created_at": "2025-10-08T05:26:59.318Z", "token_count": 0}}, {"model": "chatbot.message", "pk": 21, "fields": {"conversation": 7, "role": "user", "content": "Where are you located?", "created_at": "2025-10-08T05:32:30.145Z", "token_count": 0}}, {"model": "chatbot.message", "pk": 22, "fields": {"conversation": 7, "role": "assistant", "content": "📍 **Kenrish Collection Location**\n\n🏢 **Address:** Shabaab, Nakuru, Kenya\n\n📞 **Phone:** 0708440390\n\n🕒 **Hours:** \n• Monday - Saturday: 8:00 AM - 8:00 PM\n• Sunday: CLOSED\n\nWe're conveniently located in Shabaab, Nakuru, making it easy for you to visit us for all your beauty needs!\n\n🚗 **Easy to find** - Just call us if you need directions!", "created_at": "2025-10-08T05:32:30.160Z", "token_count": 0}}, {"model": "chatbot.message", "pk": 23, "fields": {"conversation": 7, "role": "user", "content": "Where are you located?", "created_at": "2025-10-08T05:32:45.180Z", "token_count": 0}}, {"model": "chatbot.message", "pk": 24, "fields": {"conversation": 7, "role": "assistant", "content": "📍 **Kenrish Collection Location**\n\n🏢 **Address:** Shabaab, Nakuru, Kenya\n\n📞 **Phone:** 0708440390\n\n🕒 **Hours:** \n• Monday - Saturday: 8:00 AM - 8:00 PM\n• Sunday: CLOSED\n\nWe're conveniently located in Shabaab, Nakuru, making it easy for you to visit us for all your beauty needs!\n\n🚗 **Easy to find** - Just call us if you need directions!", "created_at": "2025-10-08T05:32:45.195Z", "token_count": 0}}, {"model": "chatbot.message", "pk": 25, "fields": {"conversation": 8, "role": "user", "content": "Where are you located?", "created_at": "2025-10-08T05:36:02.570Z", "token_count": 0}}, {"model": "chatbot.message", "pk": 26, "fields": {"conversation": 8, "role": "assistant", "content": "📍 **Kenrish Collection Location**\n\n🏢 **Address:** Shabaab, Nakuru, Kenya\n\n📞 **Phone:** 0708440390\n\n🕒 **Hours:** \n• Monday - Saturday: 8:00 AM - 8:00 PM\n• Sunday: CLOSED\n\nWe're conveniently located in Shabaab, Nakuru, making it easy for you to visit us for all your beauty needs!\n\n🚗 **Easy to find** - Just call us if you need directions!", "created_at": "2025-10-08T05:36:02.589Z", "token_count": 0}}, {"model": "chatbot.message", "pk": 27, "fields": {"conversation": 9, "role": "user", "content": "Where are you located?", "created_at": "2025-10-08T05:37:40.790Z", "token_count": 0}}, {"model": "chatbot.message", "pk": 28, "fields": {"conversation": 9, "role": "assistant", "content": "📍 **Kenrish Collection Location**\n\n🏢 **Address:** Shabaab, Nakuru, Kenya\n\n📞 **Phone:** 0708440390\n\n🕒 **Hours:** \n• Monday - Saturday: 8:00 AM - 8:00 PM\n• Sunday: CLOSED\n\nWe're conveniently located in Shabaab, Nakuru, making it easy for you to visit us for all your beauty needs!\n\n🚗 **Easy to find** - Just call us if you need directions!", "created_at": "2025-10-08T05:37:40.809Z", "token_count": 0}}, {"model": "chatbot.message", "pk": 29, "fields": {"conversation": 10, "role": "user", "content": "Where are you located?", "created_at": "2025-10-08T05:44:05.395Z", "token_count": 0}}, {"model": "chatbot.message", "pk": 30, "fields": {"conversation": 10, "role": "assistant", "content": "📍 <strong>Kenrish Collection Location</strong>\n\n🏢 <strong>Address:</strong> Shabaab, Nakuru, Kenya\n\n📞 <strong>Phone:</strong> 0708440390\n\n🕒 <strong>Hours:</strong>\n• Monday - Saturday: 8:00 AM - 8:00 PM\n• Sunday: CLOSED\n\nWe're conveniently located in Shabaab, Nakuru, making it easy for you to visit us for all your beauty needs!\n\n🚗 <strong>Easy to find</strong> - Just call us if you need directions!", "created_at": "2025-10-08T05:44:05.417Z", "token_count": 0}}, {"model": "chatbot.message", "pk": 31, "fields": {"conversation": 10, "role": "user", "content": "Hello", "created_at": "2025-10-08T05:44:59.145Z", "token_count": 0}}, {"model": "chatbot.message", "pk": 32, "fields": {"conversation": 10, "role": "assistant", "content": "👋 <strong>Hello! Welcome to Kenrish Collection!</strong>\n\nI'm your personal beauty assistant. I'm here to help you discover our amazing products and services.\n\n✨ <strong>What can I help you with today?</strong>\n• Beauty products and skincare\n• Professional salon services\n• Stylish handbags\n• Store location and hours\n• Pricing information\n\nFeel free to ask me anything! 😊", "created_at": "2025-10-08T05:44:59.165Z", "token_count": 0}}, {"model": "chatbot.message", "pk": 33, "fields": {"conversation": 11, "role": "user", "content": "Where are you located?", "created_at": "2025-10-08T05:46:54.580Z", "token_count": 0}}, {"model": "chatbot.message", "pk": 34, "fields": {"conversation": 11, "role": "assistant", "content": "📍 <strong>Kenrish Collection Location</strong>\n\n🏢 <strong>Address:</strong> Shabaab, Nakuru, Kenya\n\n📞 <strong>Phone:</strong> 0708440390\n\n🕒 <strong>Hours:</strong>\n• Monday - Saturday: 8:00 AM - 8:00 PM\n• Sunday: CLOSED\n\nWe're conveniently located in Shabaab, Nakuru, making it easy for you to visit us for all your beauty needs!\n\n🚗 <strong>Easy to find</strong> - Just call us if you need directions!", "created_at": "2025-10-08T05:46:54.602Z", "token_count": 0}}, {"model": "chatbot.message", "pk": 35, "fields": {"conversation": 12, "role": "user", "content": "Where are you located?", "created_at": "2025-10-08T05:47:07.791Z", "token_count": 0}}, {"model": "chatbot.message", "pk": 36, "fields": {"conversation": 12, "role": "assistant", "content": "📍 <strong>Kenrish Collection Location</strong>\n\n🏢 <strong>Address:</strong> Shabaab, Nakuru, Kenya\n\n📞 <strong>Phone:</strong> 0708440390\n\n🕒 <strong>Hours:</strong>\n• Monday - Saturday: 8:00 AM - 8:00 PM\n• Sunday: CLOSED\n\nWe're conveniently located in Shabaab, Nakuru, making it easy for you to visit us for all your beauty needs!\n\n🚗 <strong>Easy to find</strong> - Just call us if you need directions!", "created_at": "2025-10-08T05:47:07.811Z", "token_count": 0}}, {"model": "chatbot.message", "pk": 37, "fields": {"conversation": 12, "role": "user", "content": "what offers are there?", "created_at": "2025-10-08T05:47:33.861Z", "token_count": 0}}, {"model": "chatbot.message", "pk": 38, "fields": {"conversation": 12, "role": "assistant", "content": "👋 <strong>Welcome to Kenrish Collection!</strong>\n\nYour premier beauty destination in Nakuru! \n\n<strong>I can help you with:</strong>\n✨ Beauty products and skincare advice\n👜 Handbag recommendations\n💄 Professional salon services\n📍 Store location and directions\n💰 Pricing information\n🕒 Business hours and appointments\n\n<strong>Quick Info:</strong>\n📞 <strong>Phone:</strong> 0708440390\n📍 <strong>Location:</strong> Shabaab, Nakuru, Kenya\n🕒 <strong>Hours:</strong> Mon-Sat 8AM-8PM (Closed Sunday)\n\nWhat would you like to know? Just ask me naturally! 😊", "created_at": "2025-10-08T05:47:33.881Z", "token_count": 0}}, {"model": "chatbot.message", "pk": 39, "fields": {"conversation": 13, "role": "user", "content": "Where are you located?", "created_at": "2025-10-08T06:06:50.175Z", "token_count": 0}}, {"model": "chatbot.message", "pk": 40, "fields": {"conversation": 13, "role": "assistant", "content": "📍 <strong>Kenrish Collection Location</strong>\n\n🏢 <strong>Address:</strong> Shabaab, Nakuru, Kenya\n\n📞 <strong>Phone:</strong> 0708440390\n\n🕒 <strong>Hours:</strong>\n• Monday - Saturday: 8:00 AM - 8:00 PM\n• Sunday: CLOSED\n\nWe're conveniently located in Shabaab, Nakuru, making it easy for you to visit us for all your beauty needs!\n\n🚗 <strong>Easy to find</strong> - Just call us if you need directions!", "created_at": "2025-10-08T06:06:50.196Z", "token_count": 0}}, {"model": "chatbot.message", "pk": 41, "fields": {"conversation": 14, "role": "user", "content": "Where are you located?", "created_at": "2025-10-08T06:07:24.990Z", "token_count": 0}}, {"model": "chatbot.message", "pk": 42, "fields": {"conversation": 14, "role": "assistant", "content": "📍 <strong>Kenrish Collection Location</strong>\n\n🏢 <strong>Address:</strong> Shabaab, Nakuru, Kenya\n\n📞 <strong>Phone:</strong> 0708440390\n\n🕒 <strong>Hours:</strong>\n• Monday - Saturday: 8:00 AM - 8:00 PM\n• Sunday: CLOSED\n\nWe're conveniently located in Shabaab, Nakuru, making it easy for you to visit us for all your beauty needs!\n\n🚗 <strong>Easy to find</strong> - Just call us if you need directions!", "created_at": "2025-10-08T06:07:25.004Z", "token_count": 0}}, {"model": "chatbot.message", "pk": 43, "fields": {"conversation": 15, "role": "user", "content": "What services do you offer?", "created_at": "2025-10-08T06:08:00.990Z", "token_count": 0}}, {"model": "chatbot.message", "pk": 44, "fields": {"conversation": 15, "role": "assistant", "content": "✨ <strong>Our Professional Services</strong>\n\n<strong>Hairdressing</strong>\nWe offer high-quality hairdressing services tailored to meet the needs of our va...\n\n<strong>Hair Cuts</strong>\nWe provide popular haircut services. Our barber is highly skilled with many year...\n\n<strong>Stickons</strong>\nWe provide nails services to give you the best nails available in our inventory.\n\n<strong>Quality Handbags</strong>\nWe sell quality handbags also to add to our quality services. You will look like...\n\n📞 <strong>Book appointment:</strong> 0708440390\n📍 <strong>Location:</strong> Shabaab, Nakuru, Kenya\n🕒 <strong>Hours:</strong> Mon-Sat 8AM-8PM (Closed Sunday)", "created_at": "2025-10-08T06:08:01.009Z", "token_count": 0}}, {"model": "chatbot.message", "pk": 45, "fields": {"conversation": 15, "role": "user", "content": "Hellooo", "created_at": "2025-10-08T06:08:23.680Z", "token_count": 0}}, {"model": "chatbot.message", "pk": 46, "fields": {"conversation": 15, "role": "assistant", "content": "👋 <strong>Hello! Welcome to Kenrish Collection!</strong>\n\nI'm your personal beauty assistant. I'm here to help you discover our amazing products and services.\n\n✨ <strong>What can I help you with today?</strong>\n• Beauty products and skincare\n• Professional salon services\n• Stylish handbags\n• Store location and hours\n• Pricing information\n\nFeel free to ask me anything! 😊", "created_at": "2025-10-08T06:08:23.695Z", "token_count": 0}}, {"model": "chatbot.message", "pk": 47, "fields": {"conversation": 15, "role": "user", "content": "Ehat is the price of cocoa butter", "created_at": "2025-10-08T06:08:43.161Z", "token_count": 0}}, {"model": "chatbot.message", "pk": 48, "fields": {"conversation": 15, "role": "assistant", "content": "💰 <strong>Our Pricing Information</strong>\n\n<strong>Beauty Products:</strong> $15 - $200\n• Skincare essentials from $15\n• Premium treatments up to $200\n\n<strong>Handbags:</strong> $25 - $150\n• Stylish everyday bags from $25\n• Designer collections up to $150\n\n<strong>Services:</strong> Competitive rates\n• Professional styling and treatments\n• Call for specific service pricing\n\n📞 <strong>Get exact prices:</strong> 0708440390\n🏪 <strong>Visit us:</strong> Shabaab, Nakuru, Kenya", "created_at": "2025-10-08T06:08:43.184Z", "token_count": 0}}, {"model": "chatbot.message", "pk": 49, "fields": {"conversation": 16, "role": "user", "content": "What services do you offer?", "created_at": "2025-10-08T06:09:28.546Z", "token_count": 0}}, {"model": "chatbot.message", "pk": 50, "fields": {"conversation": 16, "role": "assistant", "content": "✨ <strong>Our Professional Services</strong>\n\n<strong>Hairdressing</strong>\nWe offer high-quality hairdressing services tailored to meet the needs of our va...\n\n<strong>Hair Cuts</strong>\nWe provide popular haircut services. Our barber is highly skilled with many year...\n\n<strong>Stickons</strong>\nWe provide nails services to give you the best nails available in our inventory.\n\n<strong>Quality Handbags</strong>\nWe sell quality handbags also to add to our quality services. You will look like...\n\n📞 <strong>Book appointment:</strong> 0708440390\n📍 <strong>Location:</strong> Shabaab, Nakuru, Kenya\n🕒 <strong>Hours:</strong> Mon-Sat 8AM-8PM (Closed Sunday)", "created_at": "2025-10-08T06:09:28.564Z", "token_count": 0}}, {"model": "chatbot.message", "pk": 51, "fields": {"conversation": 17, "role": "user", "content": "Where are you located?", "created_at": "2025-10-08T06:11:46.220Z", "token_count": 0}}, {"model": "chatbot.message", "pk": 52, "fields": {"conversation": 17, "role": "assistant", "content": "📍 <span style='font-weight: 600; color: #20b2aa;'>Kenrish Collection Location</span>\n\n🏢 <span style='font-weight: 600; color: #20b2aa;'>Address:</span> Shabaab, Nakuru, Kenya\n\n📞 <span style='font-weight: 600; color: #20b2aa;'>Phone:</span> 0708440390\n\n🕒 <span style='font-weight: 600; color: #20b2aa;'>Hours:</span>\n• Monday - Saturday: 8:00 AM - 8:00 PM\n• Sunday: CLOSED\n\nWe're conveniently located in Shabaab, Nakuru, making it easy for you to visit us for all your beauty needs!\n\n🚗 <span style='font-weight: 600; color: #20b2aa;'>Easy to find</span> - Just call us if you need directions!", "created_at": "2025-10-08T06:11:46.239Z", "token_count": 0}}, {"model": "chatbot.message", "pk": 53, "fields": {"conversation": 18, "role": "user", "content": "Where are you located?", "created_at": "2025-10-08T06:14:38.880Z", "token_count": 0}}, {"model": "chatbot.message", "pk": 54, "fields": {"conversation": 18, "role": "assistant", "content": "📍 Kenrish Collection Location\n\n🏢 Address: Shabaab, Nakuru, Kenya\n\n📞 Phone: 0708440390\n\n🕒 Hours:\n• Monday - Saturday: 8:00 AM - 8:00 PM\n• Sunday: CLOSED\n\nWe're conveniently located in Shabaab, Nakuru, making it easy for you to visit us for all your beauty needs!\n\n🚗 Easy to find - Just call us if you need directions!", "created_at": "2025-10-08T06:14:38.899Z", "token_count": 0}}, {"model": "chatbot.message", "pk": 55, "fields": {"conversation": 18, "role": "user", "content": "Hello", "created_at": "2025-10-08T06:15:57.996Z", "token_count": 0}}, {"model": "chatbot.message", "pk": 56, "fields": {"conversation": 18, "role": "assistant", "content": "👋 Hello! Welcome to Kenrish Collection!\n\nI'm your personal beauty assistant. I'm here to help you discover our amazing products and services.\n\n✨ What can I help you with today?\n• Beauty products and skincare\n• Professional salon services\n• Stylish handbags\n• Store location and hours\n• Pricing information\n\nFeel free to ask me anything! 😊", "created_at": "2025-10-08T06:15:58.013Z", "token_count": 0}}, {"model": "chatbot.message", "pk": 57, "fields": {"conversation": 18, "role": "user", "content": "What is the proce of cocoa butter", "created_at": "2025-10-08T06:16:14.965Z", "token_count": 0}}, {"model": "chatbot.message", "pk": 58, "fields": {"conversation": 18, "role": "assistant", "content": "✨ Cocoa Butter Cream\n\nCocoa butter cream is a rich, moisturizing skincare product made from natural cocoa bean fat, known for its deep hydration and skin-soothing properties. It helps improve skin elasticity, reduce dryness, and leave the skin feeling soft and nourished.\n\n💰 Price: $250.00\n\n📞 Order now: Call 0708440390\n🏪 Visit us: Shabaab, Nakuru, Kenya\n🕒 Hours: Mon-Sat 8AM-8PM (Closed Sunday)", "created_at": "2025-10-08T06:16:14.984Z", "token_count": 0}}, {"model": "chatbot.message", "pk": 59, "fields": {"conversation": 18, "role": "user", "content": "What are the services offered", "created_at": "2025-10-08T06:17:22.545Z", "token_count": 0}}, {"model": "chatbot.message", "pk": 60, "fields": {"conversation": 18, "role": "assistant", "content": "✨ Our Professional Services\n\nHairdressing\nWe offer high-quality hairdressing services tailored to meet the needs of our va...\n\nHair Cuts\nWe provide popular haircut services. Our barber is highly skilled with many year...\n\nStickons\nWe provide nails services to give you the best nails available in our inventory.\n\nQuality Handbags\nWe sell quality handbags also to add to our quality services. You will look like...\n\n📞 Book appointment: 0708440390\n📍 Location: Shabaab, Nakuru, Kenya\n🕒 Hours: Mon-Sat 8AM-8PM (Closed Sunday)", "created_at": "2025-10-08T06:17:22.566Z", "token_count": 0}}, {"model": "chatbot.message", "pk": 61, "fields": {"conversation": 19, "role": "user", "content": "Hello", "created_at": "2025-10-08T06:17:55.435Z", "token_count": 0}}, {"model": "chatbot.message", "pk": 62, "fields": {"conversation": 19, "role": "assistant", "content": "👋 Hello! Welcome to Kenrish Collection!\n\nI'm your personal beauty assistant. I'm here to help you discover our amazing products and services.\n\n✨ What can I help you with today?\n• Beauty products and skincare\n• Professional salon services\n• Stylish handbags\n• Store location and hours\n• Pricing information\n\nFeel free to ask me anything! 😊", "created_at": "2025-10-08T06:17:55.452Z", "token_count": 0}}, {"model": "chatbot.message", "pk": 63, "fields": {"conversation": 19, "role": "user", "content": "Show me your handbag collection", "created_at": "2025-10-08T06:19:47.082Z", "token_count": 0}}, {"model": "chatbot.message", "pk": 64, "fields": {"conversation": 19, "role": "assistant", "content": "👜 Our Handbag Collection\n\nRed Handbag - $500.00\nThis handbag features a bold red design, making a striking s...\n\nLeopard Spots & Leather - $500.00\nThis handbag exudes bold elegance with its premium leather c...\n\nLeather Handbag - $600.00\nThis handbag features a sleek, modern design with a classic ...\n\nBrown leather and Cheetah Spots - $500.00\nThis handbag showcases a bold yet sophisticated design, feat...\n\n📞 Contact: 0708440390\n📍 Visit us: Shabaab, Nakuru, Kenya", "created_at": "2025-10-08T06:19:47.102Z", "token_count": 0}}, {"model": "chatbot.message", "pk": 65, "fields": {"conversation": 19, "role": "user", "content": "Dr rashel", "created_at": "2025-10-08T06:20:18.489Z", "token_count": 0}}, {"model": "chatbot.message", "pk": 66, "fields": {"conversation": 19, "role": "assistant", "content": "✨ Dr Rashel Face Cream\n\nDr Rashel Face Cream is a nourishing skincare product designed to hydrate, brighten, and even out the skin tone. Infused with natural ingredients like vitamins and plant extracts, it helps reduce signs of aging, fade dark spots, and improve overall skin texture for a radiant glow.\n\n💰 Price: $500.00\n\n📞 Order: 0708440390\n📍 Shabaab, Nakuru, Kenya", "created_at": "2025-10-08T06:20:18.510Z", "token_count": 0}}, {"model": "chatbot.message", "pk": 67, "fields": {"conversation": 20, "role": "user", "content": "Where are you located?", "created_at": "2025-10-08T06:20:39.665Z", "token_count": 0}}, {"model": "chatbot.message", "pk": 68, "fields": {"conversation": 20, "role": "assistant", "content": "📍 Kenrish Collection Location\n\n🏢 Address: Shabaab, Nakuru, Kenya\n📞 Phone: 0708440390\n\n🕒 Hours:\n• Monday - Saturday: 8:00 AM - 8:00 PM\n• Sunday: CLOSED\n\nWe're conveniently located in Shabaab, Nakuru.\n🚗 Call us if you need directions!", "created_at": "2025-10-08T06:20:39.683Z", "token_count": 0}}, {"model": "chatbot.message", "pk": 69, "fields": {"conversation": 20, "role": "user", "content": "What services do you offer", "created_at": "2025-10-08T06:20:57.931Z", "token_count": 0}}, {"model": "chatbot.message", "pk": 70, "fields": {"conversation": 20, "role": "assistant", "content": "✨ Our Professional Services\n\nHairdressing\nWe offer high-quality hairdressing services tailored to meet the needs of our va...\n\nHair Cuts\nWe provide popular haircut services. Our barber is highly skilled with many year...\n\nStickons\nWe provide nails services to give you the best nails available in our inventory.\n\nQuality Handbags\nWe sell quality handbags also to add to our quality services. You will look like...\n\n📞 Book appointment: 0708440390\n📍 Shabaab, Nakuru, Kenya", "created_at": "2025-10-08T06:20:57.951Z", "token_count": 0}}, {"model": "chatbot.message", "pk": 71, "fields": {"conversation": 21, "role": "user", "content": "Do you have any current offers?", "created_at": "2025-10-08T06:22:54.010Z", "token_count": 0}}, {"model": "chatbot.message", "pk": 72, "fields": {"conversation": 21, "role": "assistant", "content": "👋 Welcome to Kenrish Collection!\n\nYour premier beauty destination in Nakuru!\n\nI can help you with:\n✨ Beauty products and skincare\n👜 Handbag recommendations\n💄 Professional salon services\n📍 Store location and directions\n💰 Pricing information\n\n📞 Phone: 0708440390\n📍 Shabaab, Nakuru, Kenya\n🕒 Hours: Mon-Sat 8AM-8PM\n\nWhat would you like to know?", "created_at": "2025-10-08T06:22:54.030Z", "token_count": 0}}, {"model": "chatbot.message", "pk": 73, "fields": {"conversation": 21, "role": "user", "content": "Hello. How can I get hold of Kenrish Collection by phone", "created_at": "2025-10-08T06:23:33.036Z", "token_count": 0}}, {"model": "chatbot.message", "pk": 74, "fields": {"conversation": 21, "role": "assistant", "content": "👋 Hello! Welcome to Kenrish Collection!\n\nI'm your personal beauty assistant.\n\n✨ What can I help you with today?\n• Beauty products and skincare\n• Professional salon services\n• Stylish handbags\n• Store location and hours\n• Pricing information\n\nFeel free to ask me anything! 😊", "created_at": "2025-10-08T06:23:33.057Z", "token_count": 0}}, {"model": "chatbot.message", "pk": 75, "fields": {"conversation": 22, "role": "user", "content": "Hello. How can I get hold of Kenrish Collection through phone?", "created_at": "2025-10-08T06:24:57.585Z", "token_count": 0}}, {"model": "chatbot.message", "pk": 76, "fields": {"conversation": 22, "role": "assistant", "content": "👋 Hello! Welcome to Kenrish Collection!\n\nI'm your personal beauty assistant.\n\n✨ What can I help you with today?\n• Beauty products and skincare\n• Professional salon services\n• Stylish handbags\n• Store location and hours\n• Pricing information\n\nFeel free to ask me anything! 😊", "created_at": "2025-10-08T06:24:57.604Z", "token_count": 0}}, {"model": "chatbot.message", "pk": 77, "fields": {"conversation": 23, "role": "user", "content": "What services do you offer?", "created_at": "2025-10-08T06:36:11.775Z", "token_count": 0}}, {"model": "chatbot.message", "pk": 78, "fields": {"conversation": 23, "role": "assistant", "content": "✨ Our Professional Services\n\nHairdressing\nWe offer high-quality hairdressing services tailored to meet the needs of our va...\n\nHair Cuts\nWe provide popular haircut services. Our barber is highly skilled with many year...\n\nStickons\nWe provide nails services to give you the best nails available in our inventory.\n\nQuality Handbags\nWe sell quality handbags also to add to our quality services. You will look like...\n\n📞 Book appointment: 0708440390\n📍 Shabaab, Nakuru, Kenya", "created_at": "2025-10-08T06:36:11.795Z", "token_count": 0}}, {"model": "chatbot.message", "pk": 79, "fields": {"conversation": 24, "role": "user", "content": "What services do you offer?", "created_at": "2025-10-08T06:36:33.005Z", "token_count": 0}}, {"model": "chatbot.message", "pk": 80, "fields": {"conversation": 24, "role": "assistant", "content": "✨ Our Professional Services\n\nHairdressing\nWe offer high-quality hairdressing services tailored to meet the needs of our va...\n\nHair Cuts\nWe provide popular haircut services. Our barber is highly skilled with many year...\n\nStickons\nWe provide nails services to give you the best nails available in our inventory.\n\nQuality Handbags\nWe sell quality handbags also to add to our quality services. You will look like...\n\n📞 Book appointment: 0708440390\n📍 Shabaab, Nakuru, Kenya", "created_at": "2025-10-08T06:36:33.023Z", "token_count": 0}}, {"model": "chatbot.message", "pk": 81, "fields": {"conversation": 25, "role": "user", "content": "Hello", "created_at": "2025-10-08T06:41:29.680Z", "token_count": 0}}, {"model": "chatbot.message", "pk": 82, "fields": {"conversation": 25, "role": "assistant", "content": "👋 Hello! Welcome to Kenrish Collection!\n\nI'm your personal beauty assistant.\n\n✨ What can I help you with today?\n• Beauty products and skincare\n• Professional salon services\n• Stylish handbags\n• Store location and hours\n• Pricing information\n\nFeel free to ask me anything! 😊", "created_at": "2025-10-08T06:41:29.696Z", "token_count": 0}}, {"model": "admin.logentry", "pk": 1, "fields": {"action_time": "2025-06-22T23:32:41.680Z", "user": ["GeorgeAkai"], "content_type": ["app1", "service"], "object_id": "1", "object_repr": "Hairdressing", "action_flag": 1, "change_message": "[{\"added\": {}}]"}}, {"model": "admin.logentry", "pk": 2, "fields": {"action_time": "2025-06-22T23:34:46.847Z", "user": ["GeorgeAkai"], "content_type": ["app1", "service"], "object_id": "2", "object_repr": "Hair Cuts", "action_flag": 1, "change_message": "[{\"added\": {}}]"}}, {"model": "admin.logentry", "pk": 3, "fields": {"action_time": "2025-06-22T23:36:11.119Z", "user": ["GeorgeAkai"], "content_type": ["app1", "service"], "object_id": "3", "object_repr": "Stickons", "action_flag": 1, "change_message": "[{\"added\": {}}]"}}, {"model": "admin.logentry", "pk": 4, "fields": {"action_time": "2025-06-22T23:37:51.268Z", "user": ["GeorgeAkai"], "content_type": ["app1", "service"], "object_id": "4", "object_repr": "Quality Handbags", "action_flag": 1, "change_message": "[{\"added\": {}}]"}}]